	Lambda_Max	Species	Opsin_Family	Phylum	Class	Accession	Mutations	RefId
Bovine	500.0000	Bos_tarus	Rh1	Chordata	Mammalia	NM_001014890
M1	503.80000	Tachyglossus_aculeatus	Rh1	Chordata	Mammalia	JX103830_N83D	N83D116
M2	498.00000	Tachyglossus_aculeatus	Rh1	Chordata	Mammalia	JX103830_T158A	T158A116
M3	499.40000	Tachyglossus_aculeatus	Rh1	Chordata	Mammalia	JX103830_F169A	F169A116
M4	501.50000	Bos_taurus	Rh1	Chordata	Mammalia	NM_001014890_D83G	D83G117
M5	491.50000	Bos_taurus	Rh1	Chordata	Mammalia	NM_001014890_D83N	D83N117
M6	494.50000	Bos_taurus	Rh1	Chordata	Mammalia	NM_001014890_M86E	M86E117
M7	483.00000	Bos_taurus	Rh1	Chordata	Mammalia	NM_001014890_E122Q	E122Q117
M8	498.00000	Bos_taurus	Rh1	Chordata	Mammalia	NM_001014890_E122I	E122I117
M9	499.00000	Bos_taurus	Rh1	Chordata	Mammalia	NM_001014890_E134L	E134L117
M10	497.50000	Bos_taurus	Rh1	Chordata	Mammalia	NM_001014890_E134Q	E134Q117
M11	501.00000	Bos_taurus	Rh1	Chordata	Mammalia	NM_001014890_R135L	R135L117
M12	495.00000	Bos_taurus	Rh1	Chordata	Mammalia	NM_001014890_H211C	H211C117
M13	495.50000	Bos_taurus	Rh1	Chordata	Mammalia	NM_001014890_H211F	H211F117
M14	498.50000	Bos_taurus	Rh1	Chordata	Mammalia	NM_001014890_E122I_D83G	E122I,D83G117
M15	493.00000	Bos_taurus	Rh1	Chordata	Mammalia	NM_001014890_E122I_M86E	E122I,M86E117
M16	499.50000	Bos_taurus	Rh1	Chordata	Mammalia	NM_001014890_E134L_R135L	E134L,R135L117
M17	498.00000	Bos_taurus	Rh1	Chordata	Mammalia	NM_001014890_E134R_R135E	E134R,R135E117
M18	500.00000	Bos_taurus	Rh1	Chordata	Mammalia	NM_001014890_T97S	T97S160
M19	500.00000	Bos_taurus	Rh1	Chordata	Mammalia	NM_001014890_F116S	F116S160
M20	493.00000	Bos_taurus	Rh1	Chordata	Mammalia	NM_001014890_E122M	E122M160
M21	500.00000	Bos_taurus	Rh1	Chordata	Mammalia	NM_001014890_A164G	A164G160
M22	498.00000	Cyphotilapia_frontosa	Rh1	Chordata	Actinopteri	AB084929_S292A	S292A163
M23	500.00000	Trematocara_macrostoma	Rh1	Chordata	Actinopteri	AB084945_S292A	S292A163
M24	491.00000	Oreochromis_niloticus	Rh1	Chordata	Actinopteri	AB084938_A292S	A292S163
M25	500.00000	Baileychromis_centropomoides	Rh1	Chordata	Actinopteri	AB185217_N83D	N83D163
M26	503.00000	Pallidochromis_tokolosh	Rh1	Chordata	Actinopteri	AB185229_N83D	N83D163
M27	502.00000	Diplotaxodon_macrops	Rh1	Chordata	Actinopteri	AB185220_N83D	N83D163
M28	494.00000	Limnochromis_staneri	Rh1	Chordata	Actinopteri	AB185225_D83N	D83N163
M29	489.00000	Rod_ancestor_pigmentc_A292S	Rh1	Chordata	Ancestor	pigmentc_A292S	A292S127
M30	502.00000	Rod_ancestor_pigmentd_A292S	Rh1	Chordata	Ancestor	pigmentd_A292S	A292S127
M31	491.00000	Rod_ancestor_pigmentg_A292S	Rh1	Chordata	Ancestor	pigmentg_A292S	A292S127
M32	498.00000	Rod_ancestor_pigmenta_D83N	Rh1	Chordata	Ancestor	pigmenta_D83N	D83N127
M33	479.00000	Rod_ancestor_pigmente_D83N	Rh1	Chordata	Ancestor	pigmente_D83N	D83N127
M34	488.00000	Rod_ancestor_pigmenta_D83N_A292S	Rh1	Chordata	Ancestor	pigmenta_D83N_A292S	D83N,A292S127
M35	486.00000	Rod_ancestor_pigmentg_D83N_A292S	Rh1	Chordata	Ancestor	pigmentg_D83N_A292S	D83N,A292S127
M36	482.00000	Rod_ancestor_pigmenth_D83N_A292S	Rh1	Chordata	Ancestor	pigmenth_D83N_A292S	D83N,A292S127
M37	482.00000	Rod_ancestor_pigmenti_D83N_A292S	Rh1	Chordata	Ancestor	pigmenti_D83N_A292S	D83N,A292S127
M38	497.00000	Rod_ancestor_pigmenta_D83N_I214T	Rh1	Chordata	Ancestor	pigmenta_D83N_I214T	D83N,I214T127
M39	526.00000	Rod_ancestor_pigmentf_D83N_M183F_M253L_F261Y_T289G_A292I_M317I	Rh1	Chordata	Ancestor	pigmentf_D83N_M183F_M253L_F261Y_T289G_A292I_M317I	D83N,M183F,M253L,F261Y,T289G,A292I,M317I127
M40	501.00000	Rod_ancestor_pigmentb_E122I	Rh1	Chordata	Ancestor	pigmentb_E122I	E122I127
M41	507.00000	Rod_ancestor_pigmentb_E122I_F261Y	Rh1	Chordata	Ancestor	pigmentb_E122I_F261Y	E122I,F261Y127
M42	484.00000	Rod_ancestor_pigmentf_E122M_A292S	Rh1	Chordata	Ancestor	pigmentf_E122M_A292S	E122M,A292S127
M43	504.00000	Rod_ancestor_pigmentf_E122M_F261Y	Rh1	Chordata	Ancestor	pigmentf_E122M_F261Y	E122M,F261Y127
M44	490.00000	Rod_ancestor_pigmentf_E122M_F261Y_A292S	Rh1	Chordata	Ancestor	pigmentf_E122M_F261Y_A292S	E122M,F261Y,A292S127
M45	489.00000	Rod_ancestor_pigmentf_E122Q	Rh1	Chordata	Ancestor	pigmentf_E122Q	E122Q127
M46	478.00000	Rod_ancestor_pigmenta_E122Q_A292S	Rh1	Chordata	Ancestor	pigmenta_E122Q_A292S	E122Q,A292S127
M47	511.00000	Rod_ancestor_pigmentb_F261Y	Rh1	Chordata	Ancestor	pigmentb_F261Y	F261Y127
M48	503.00000	Rod_ancestor_pigmenti_F261Y	Rh1	Chordata	Ancestor	pigmenti_F261Y	F261Y127
M49	488.00000	Rod_ancestor_pigmentd_N195A_A292S	Rh1	Chordata	Ancestor	pigmentd_N195A_A292S	N195A,A292S127
M50	488.00000	Rod_ancestor_pigmentd_P194R_A292S	Rh1	Chordata	Ancestor	pigmentd_P194R_A292S	P194R,A292S127
M51	501.00000	Rod_ancestor_pigmentd_P194R_N195A	Rh1	Chordata	Ancestor	pigmentd_P194R_N195A	P194R,N195A127
M52	488.00000	Rod_ancestor_pigmentd_P194R_N195A_A292S	Rh1	Chordata	Ancestor	pigmentd_P194R_N195A_A292S	P194R,N195A,A292S127
M53	494.00000	Rod_ancestor_pigmenth_Y96V_Y102F	Rh1	Chordata	Ancestor	pigmenth_Y96V_Y102F	Y96V,Y102F127
M54	491.00000	Sebastolobus_altivelis	Rh1	Chordata	Actinopteri	DQ490124_N83D	N83D127
M55	492.00000	Chauliodus_macouni	Rh1	Chordata	Actinopteri	EU407250.1_N83D	N83D127
M56	490.00000	Lepidopus_fitchi	Rh1	Chordata	Actinopteri	EU407253.1_N83D	N83D127
M57	501.00000	Sebastolobus_altivelis	Rh1	Chordata	Actinopteri	DQ490124_N83D_S292A	N83D,S292A127
M58	504.00000	Chauliodus_macouni	Rh1	Chordata	Actinopteri	EU407250.1_N83D_S292A	N83D,S292A127
M59	495.00000	Lepidopus_fitchi	Rh1	Chordata	Actinopteri	EU407253.1_N83D_S292A	N83D,S292A127
M60	499.00000	Stenobrachius_leucopsarus	Rh1	Chordata	Actinopteri	EU407251_Q122E	Q122E127
M61	498.00000	Conger_myriaster	Rh1	Chordata	Actinopteri	AB043817.1_S292A	S292A127
M62	494.00000	Sebastolobus_altivelis	Rh1	Chordata	Actinopteri	DQ490124_S292A	S292A127
M63	501.00000	Chauliodus_macouni	Rh1	Chordata	Actinopteri	EU407250.1_S292A	S292A127
M64	490.00000	Lepidopus_fitchi	Rh1	Chordata	Actinopteri	EU407253.1_S292A	S292A127
M65	502.00000	Lepidopus_fitchi	Rh1	Chordata	Actinopteri	EU407252.1_Y261F	Y261F127
M66	552.00000	Tursiops_truncatus	LWS	Chordata	Mammalia	XM_019933644.2_S292A	S292A286
M67	489.00000	Bos_taurus	Rh1	Chordata	Mammalia	NM_001014890_A292S	A292S286
M68	501.00000	Bos_taurus	Rh1	Chordata	Mammalia	NM_001014890_A299S	A299S286
M69	485.00000	Bos_taurus	Rh1	Chordata	Mammalia	NM_001014890_D83N_A292S	D83N,A292S286
M70	489.00000	Bos_taurus	Rh1	Chordata	Mammalia	NM_001014890_D83N_A292S_A299S	D83N,A292S,A299S286
M71	492.00000	Bos,Sebastolobus_taurus,altivelis	Rh1	Chordata	Mammalia	DQ490124.1_1_277-NM_001014890_278_348	chimera120
M72	501.00000	Bos,Sebastolobus_taurus,altivelis	Rh1	Chordata	Mammalia	NM_001014890_1_277-DQ490124.1[S292A]_278_306-NM_001014890_307_348	chimera,S292A120
M73	499.00000	Bos,Sebastolobus_taurus,altivelis	Rh1	Chordata	Mammalia	NM_001014890_1_306-DQ490124.1_307_348	chimera120
M74	494.00000	Bos,Sebastolobus_taurus,altivelis	Rh1	Chordata	Mammalia	DQ490124.1[S292A]_1_306-NM_001014890_307_348	chimera,S292A120
M75	491.00000	Bos,Sebastolobus_taurus,altivelis	Rh1	Chordata	Mammalia	DQ490124.1_1_277-NM_001014890_278_306-DQ490124.1_307_348	chimera120
M76	501.00000	Bos,Sebastolobus_taurus,altivelis	Rh1	Chordata	Mammalia	NM_001014890_1_277-DQ490124.1[S292A]_278_348	chimera,S292A120
M77	482.00000	Bos,Sebastolobus_taurus,altivelis	Rh1	Chordata	Mammalia	DQ490124.1_1_277-NM_001014890[A292S]_278_348	chimera,A292S120
M78	494.00000	Sebastolobus_altivelis	Rh1	Chordata	Actinopteri	DQ490124.1_S292A	chimera,S292A120
M79	488.00000	Bos,Sebastolobus_taurus,altivelis	Rh1	Chordata	Mammalia	NM_001014890_1_277-DQ490124.1_278_306-NM_001014890_307_348	chimera120
M80	488.00000	Bos,Sebastolobus_taurus,altivelis	Rh1	Chordata	Mammalia	NM_001014890[A292S]_1_306-DQ490124.1_307_348	chimera,A292S120
M81	482.00000	Bos,Sebastolobus_taurus,altivelis	Rh1	Chordata	Mammalia	DQ490124.1_1_306-NM_001014890_307_348	chimera120
M82	482.00000	Bos,Sebastolobus_taurus,altivelis	Rh1	Chordata	Mammalia	DQ490124.1_1_277-NM_001014890[A292S]_278_306-DQ490124.1_307_348	chimera,A292120
M83	490.00000	Bos,Sebastolobus_taurus,altivelis	Rh1	Chordata	Mammalia	NM_001014890_1_277-DQ490124.1_278_348	chimera120
M84	496.00000	Anolis_carolinensis	Rh2	Chordata	Lepidosauria	NM_001291394.1_F49A	F49A121
M85	496.00000	Anolis_carolinensis	Rh2	Chordata	Lepidosauria	NM_001291394.1_L52M	L52M121
M86	492.00000	Anolis_carolinensis	Rh2	Chordata	Lepidosauria	NM_001291394.1_F49A_L52M	F49A,L52M121
M87	496.00000	Anolis_carolinensis	Rh2	Chordata	Lepidosauria	NM_001291394.1_D83N	D83N121
M88	488.00000	Anolis_carolinensis	Rh2	Chordata	Lepidosauria	NM_001291394.1_T97A	T97A121
M89	481.00000	Anolis_carolinensis	Rh2	Chordata	Lepidosauria	NM_001291394.1_D83N_M86T_T97A	D83N,M86T,T97A121
M90	495.00000	Anolis_carolinensis	Rh2	Chordata	Lepidosauria	NM_001291394.1_S164A	S164A121
M91	512.00000	Anolis_carolinensis	Rh2	Chordata	Lepidosauria	NM_001291394.1_Q122E	Q122E121
M92	511.00000	Anolis_carolinensis	Rh2	Chordata	Lepidosauria	NM_001291394.1_F49S_Q122E_S164A	F49S,Q122E,S164A121
M93	467.00000	Gekko_gekko	Rh2	Chordata	Lepidosauria	M92035_A164S	A164S121
M94	480.00000	Gekko_gekko	Rh2	Chordata	Lepidosauria	M92035_Q122E	Q122E121
M95	459.00000	Oryzias_latipes	Rh2	Chordata	Actinopteri	AB223053.1_S292A	S292A121
M96	469.00000	Oryzias_latipes	Rh2	Chordata	Actinopteri	AB223053.1_Q122E_S292A	Q122E,S292A121
M97	491.00000	Gekko,Anolis_gekko,carolinensis	Rh2	Chordata	Lepidosauria	AH007735.2_1_33-M92035.1_34_64-AH007735.2_65_348	chimera121
M98	482.00000	Gekko,Anolis_gekko,carolinensis	Rh2	Chordata	Lepidosauria	AH007735.2_1_70-M92035.1_71_100-AH007735.2_101_348	chimera121
M99	492.00000	Gekko,Anolis_gekko,carolinensis	Rh2	Chordata	Lepidosauria	AH007735.2_1_105-M92035.1_106_139-AH007735.2_140_149-M92035.1_150_172-AH007735.2_173_348	chimera121
M100	494.00000	Gekko,Anolis_gekko,carolinensis	Rh2	Chordata	Lepidosauria	AH007735.2_1_199-M92035.1_200_225-AH007735.2_226_348	chimera121
M101	493.00000	Gekko,Anolis_gekko,carolinensis	Rh2	Chordata	Lepidosauria	AH007735.2_1_243-M92035.1_244_273-AH007735.2_274_348	chimera121
M102	492.00000	Gekko,Anolis_gekko,carolinensis	Rh2	Chordata	Lepidosauria	AH007735.2_1_284-M92035.1_285_309-AH007735.2_310_348	chimera121
M103	471.00000	Gekko,Anolis_gekko,carolinensis	Rh2	Chordata	Lepidosauria	AH007735.2_1_33-M92035.1_34_64-AH007735.2_65_70-M92035.1_71_100-AH007735.2_101_105-M92035.1_106_139-AH007735.2_140-149-M92035.1_150_172-AH007735.2_173_348	chimera121
M104	489.00000	Gekko,Anolis_gekko,carolinensis	Rh2	Chordata	Lepidosauria	AH007735.2_1_199-M92035.1_200_225-AH007735.2_226_243-M92035.1_244_273-AH007735.2_274_284-M92035.1_285_309-AH007735.2_310_348	chimera121
M105	464.00000	Danio_rerio	Rh2	Chordata	Actinopteri	AB087805.2_K36Q	K36Q138
M106	464.00000	Danio_rerio	Rh2	Chordata	Actinopteri	AB087805.2_L46F	L46F138
M107	463.00000	Danio_rerio	Rh2	Chordata	Actinopteri	AB087805.2_I49C	I49C138
M108	465.00000	Danio_rerio	Rh2	Chordata	Actinopteri	AB087805.2_V60L	V60L138
M109	467.00000	Danio_rerio	Rh2	Chordata	Actinopteri	AB087805.2_S94T	S94T138
M110	465.00000	Danio_rerio	Rh2	Chordata	Actinopteri	AB087805.2_L108T	L108T138
M111	468.00000	Danio_rerio	Rh2	Chordata	Actinopteri	AB087805.2_V111A	V111A138
M112	466.00000	Danio_rerio	Rh2	Chordata	Actinopteri	AB087805.2_M112I	M112I138
M113	470.00000	Danio_rerio	Rh2	Chordata	Actinopteri	AB087805.2_V111A_M112I	V111A,M112I138
M114	471.00000	Danio_rerio	Rh2	Chordata	Actinopteri	AB087805.2_S94T_V111A_M112I	S94T,V111A,M112I138
M115	472.00000	Danio_rerio	Rh2	Chordata	Actinopteri	AB087805.2_L46F_I49C_S94T_V111A_M112I	L46F,I49C,S94T,V111A,M112I138
M116	554.00000	Petromyzon_marinus	LWS	Chordata	Hyperoartia	EU571209.1_P164S	P164S133
M117	544.00000	Carassius_auratus	LWS	Chordata	Actinopteri	L11867.1_S164P	S164P133
M118	458.00000	Cottus_gobio	SWS2	Chordata	Actinopteri	AJ430489.1_T118A	T118A129
M119	452.00000	Cottus_gobio	SWS2	Chordata	Actinopteri	AJ430489.1_T118G	T118G129
M120	465.00000	Cottus_gobio	SWS2	Chordata	Actinopteri	AJ430489.1_P215G	P215G129
M121	453.00000	Cottus_gobio	SWS2	Chordata	Actinopteri	AJ430489.1_T269A	T269A129
M122	499.00000	Bos_taurus	Rh1	Chordata	Mammalia	NM_001014890_E181A	E181A124
M123	500.00000	Bos_taurus	Rh1	Chordata	Mammalia	NM_001014890_E181N	E181N124
M124	497.00000	Bos_taurus	Rh1	Chordata	Mammalia	NM_001014890_E181D	E181D124
M125	499.00000	Bos_taurus	Rh1	Chordata	Mammalia	NM_001014890_E181C	E181C124
M126	508.00000	Bos_taurus	Rh1	Chordata	Mammalia	NM_001014890_E181Q	E181Q124
M127	500.00000	Bos_taurus	Rh1	Chordata	Mammalia	NM_001014890_E181G	E181G124
M128	497.00000	Bos_taurus	Rh1	Chordata	Mammalia	NM_001014890_E181H	E181H124
M129	501.00000	Bos_taurus	Rh1	Chordata	Mammalia	NM_001014890_E181I	E181I124
M130	502.00000	Bos_taurus	Rh1	Chordata	Mammalia	NM_001014890_E181L	E181L124
M131	500.00000	Bos_taurus	Rh1	Chordata	Mammalia	NM_001014890_E181M	E181M124
M132	501.00000	Bos_taurus	Rh1	Chordata	Mammalia	NM_001014890_E181F	E181F124
M133	500.00000	Bos_taurus	Rh1	Chordata	Mammalia	NM_001014890_E181S	E181S124
M134	502.00000	Bos_taurus	Rh1	Chordata	Mammalia	NM_001014890_E181T	E181T124
M135	502.00000	Bos_taurus	Rh1	Chordata	Mammalia	NM_001014890_E181W	E181W124
M136	501.00000	Bos_taurus	Rh1	Chordata	Mammalia	NM_001014890_E181Y	E181Y124
M137	498.00000	Bos_taurus	Rh1	Chordata	Mammalia	NM_001014890_E181V	E181V124
M138	499.00000	Bos_taurus	Rh1	Chordata	Mammalia	NM_001014890_E113Q	E113Q124
M139	500.00000	Bos_taurus	Rh1	Chordata	Mammalia	NM_001014890_E113Q_E181D	E113Q,E181D124
M140	538.00000	Papilio_xuthus	IV-Rh1,IV-Rh3	Arthropoda	Insecta	AB007423.1_1_58-AB007425.1_59_83-AB007423.1_84_379	chimera347
M141	542.00000	Papilio_xuthus	IV-Rh1,IV-Rh3	Arthropoda	Insecta	AB007423.1_1_58-AB007425.1_59_83-AB007423.1_84_91-AB007425.1_92_114-AB007423.1_115_379	chimera347
M142	547.00000	Papilio_xuthus	IV-Rh1,IV-Rh3	Arthropoda	Insecta	AB007423.1_1_58-AB007425.1_59_83-AB007423.1_84_91-AB007425.1_92_114-AB007423.1_115_129-AB007425.1_130_152-AB007423.1_153_379	chimera347
M143	561.00000	Papilio_xuthus	IV-Rh1,IV-Rh3	Arthropoda	Insecta	AB007423.1_1_58-AB007425.1_59_83-AB007423.1_84_91-AB007425.1_92_114-AB007423.1_115_129-AB007425.1_130_152-AB007423.1_153_173-AB007425.1_174_190-AB007423.1_191_379	chimera347
M144	565.00000	Papilio_xuthus	IV-Rh1,IV-Rh3	Arthropoda	Insecta	AB007423.1_1_58-AB007425.1_59_83-AB007423.1_84_91-AB007425.1_92_114-AB007423.1_115_129-AB007425.1_130_152-AB007423.1_153_173-AB007425.1_174_190-AB007423.1_191_217-AB007425.1_218_241-AB007423.1_242_379	chimera347
M145	542.00000	Papilio_xuthus	IV-Rh1,IV-Rh3	Arthropoda	Insecta	AB007423.1_1_91-AB007425.1_92_114-AB007423.1_115_379	chimera347
M146	558.00000	Papilio_xuthus	IV-Rh1,IV-Rh3	Arthropoda	Insecta	AB007423.1_1_58-AB007425.1_59_83-AB007423.1_84_129-AB007425.1_130_152-AB007423.1_153_379	chimera347
M147	560.00000	Papilio_xuthus	IV-Rh1,IV-Rh3	Arthropoda	Insecta	AB007423.1_1_91-AB007425.1_92_114-AB007423.1_115_129-AB007425.1_130_152-AB007423.1_153_173-AB007425.1_174_190-AB007423.1_191_379	chimera347
M148	561.00000	Papilio_xuthus	IV-Rh1,IV-Rh3	Arthropoda	Insecta	AB007423.1_1_58-AB007425.1_59_83-AB007423.1_84_129-AB007425.1_130_152-AB007423.1_153_173-AB007425.1_174_190-AB007423.1_191_379	chimera347
M149	566.00000	Papilio_xuthus	IV-Rh1,IV-Rh3	Arthropoda	Insecta	AB007423.1_1_91-AB007425.1_92_114-AB007423.1_115_129-AB007425.1_130_152-AB007423.1_153_173-AB007425.1_174_190-AB007423.1_191_217-AB007425.1_218_241-AB007423.1_242_280-AB007425.1_281_303-AB007423.1_304_313-AB007425.1_314_339-AB007423.1_340_379	chimera347
M150	556.00000	Papilio_xuthus	IV-Rh1,IV-Rh3	Arthropoda	Insecta	AB007423.1_1_58-AB007425.1_59_83-AB007423.1_84_91-AB007425.1_92_114-AB007423.1_115_173-AB007425.1_174_190-AB007423.1_191_217-AB007425.1_218_241-AB007423.1_242_280-AB007425.1_281_303-AB007423.1_304_313-AB007425.1_314_339-AB007423.1_340_379	chimera347
M151	550.00000	Papilio_xuthus	IV-Rh1,IV-Rh3	Arthropoda	Insecta	AB007423.1_1_91-AB007425.1_92_114-AB007423.1_115_173-AB007425.1_174_190-AB007423.1_191_217-AB007425.1_218_241-AB007423.1_242_280-AB007425.1_281_303-AB007423.1_304_313-AB007425.1_314_339-AB007423.1_340_379	chimera347
M152	543.00000	Papilio_xuthus	IV-Rh1,IV-Rh3	Arthropoda	Insecta	AB007423.1_1_58-AB007425.1_59_83-AB007423.1[A109F]_84_379	chimera,A109F347
M153	545.00000	Papilio_xuthus	IV-Rh1,IV-Rh3	Arthropoda	Insecta	AB007423.1_1_58-AB007425.1_59_83-AB007423.1[L112I]_84-379	chimera,L112I347
M154	543.00000	Papilio_xuthus	IV-Rh1,IV-Rh3	Arthropoda	Insecta	AB007423.1_1_58-AB007425.1_59_83-AB007423.1[A115C]_84_379	chimera,A115C347
M155	550.00000	Papilio_xuthus	IV-Rh1,IV-Rh3	Arthropoda	Insecta	AB007423.1_1_58-AB007425.1_59_83-AB007423.1[A116G]_84-379	chimera,A116G347
M156	547.00000	Papilio_xuthus	IV-Rh1,IV-Rh3	Arthropoda	Insecta	AB007423.1_1_58-AB007425.1_59_83-AB007423.1[F120Y]_84_379	chimera,F120Y347
M157	548.00000	Papilio_xuthus	IV-Rh1,IV-Rh3	Arthropoda	Insecta	AB007423.1_1_58-AB007425.1_59_83-AB007423.1[I123V]_84_379	chimera,I123V347
M158	546.00000	Papilio_xuthus	IV-Rh1,IV-Rh3	Arthropoda	Insecta	AB007423.1_1_58-AB007425.1_59_83-AB007423.1[M130A]_84_379	chimera,M130A347
M159	550.00000	Papilio_xuthus	IV-Rh1,IV-Rh3	Arthropoda	Insecta	AB007423.1_1_58-AB007425.1_59_83-AB007423.1[A116G,F120Y,I123V]_84_379	chimera,A116G,F120Y,I123V347
M160	543.00000	Papilio_xuthus	IV-Rh1,IV-Rh3	Arthropoda	Insecta	AB007423.1_1_58-AB007425.1_59_83-AB007423.1[A109F,L122I,A115C]_84_379	chimera,A109F,L122I,A115C347
M161	552.00000	Papilio_xuthus	IV-Rh1,IV-Rh3	Arthropoda	Insecta	AB007423.1_1_58-AB007425.1_59_83-AB007423.1[A116G,F120Y]_84_379	chimera,A116G,F120Y347
M162	554.00000	Papilio_xuthus	IV-Rh1,IV-Rh3	Arthropoda	Insecta	AB007423.1_1_58-AB007425.1_59_83-AB007423.1[A109F,L112I,A115C,A116G,F120Y]_84_379	chimera,A109F,L112I,A115C,A116G,F120Y347
M163	551.00000	Papilio_xuthus	IV-Rh1,IV-Rh3	Arthropoda	Insecta	AB007423.1_1_58-AB007425.1_59_83-AB007423.1_84_129-AB007425.1[G116A]_130_152-AB007423.1_153_379	chimera,G116A347
M164	551.00000	Papilio_xuthus	IV-Rh1,IV-Rh3	Arthropoda	Insecta	AB007423.1_1_58-AB007425.1_59_83-AB007423.1_84_129-AB007425.1[Y120F]_130_152-AB007423.1_153_379	chimera,Y120F347
M165	549.00000	Papilio_xuthus	IV-Rh1,IV-Rh3	Arthropoda	Insecta	AB007423.1_1_58-AB007425.1_59_83-AB007423.1_84_129-AB007425.1[G116A,Y120F]_130_152-AB007423.1_153_379	chimera,G116A,Y120F347
M166	502.00000	Bos_taurus	Rh1	Chordata	Mammalia	NM_001014890.2_A164S	A164S349
M167	510.00000	Bos_taurus	Rh1	Chordata	Mammalia	NM_001014890.2_F261Y	F261Y349
M168	514.00000	Bos_taurus	Rh1	Chordata	Mammalia	NM_001014890.2_A269T	A269T349
M169	520.00000	Bos_taurus	Rh1	Chordata	Mammalia	NM_001014890.2_F261Y_A269T	F261Y,A269T349
M170	512.00000	Bos_taurus	Rh1	Chordata	Mammalia	NM_001014890.2_A164S_F261Y	A164S,F216Y349
M171	514.00000	Bos_taurus	Rh1	Chordata	Mammalia	NM_001014890.2_A164S_A269T	A164S,A269T349
M172	359.00000	Taeniopygia_guttata	SWS	Chordata	Aves	AF222331_I85V	I85V155
M173	397.00000	Taeniopygia_guttata	SWS	Chordata	Aves	AF222331_C84S	C84S155
M174	397.00000	Taeniopygia_guttata	SWS	Chordata	Aves	AF222331_C84S_I85V	C84S,I85V155
M175	382.00000	Taeniopygia_guttata	SWS	Chordata	Aves	AF222331_C84G	C84G155
M176	363.00000	Taeniopygia_guttata	SWS	Chordata	Aves	AF222331_C84G_I85F	C84G,I85F155
M177	405.00000	Gallus_gallus	SWS	Chordata	Aves	M92039_V85I	V85I155
M178	369.00000	Gallus_gallus	SWS	Chordata	Aves	M92039_S84C	S84C155
M179	371.00000	Gallus_gallus	SWS	Chordata	Aves	M92039_S84C_V85I	S84C,V85I155
M180	389.00000	Columba_livia	SWS1	Chordata	Aves	AH007798.2_V85I	V85I155
M181	358.00000	Columba_livia	SWS1	Chordata	Aves	AH007798.2_S84C	S84C155
M182	359.00000	Columba_livia	SWS1	Chordata	Aves	AH007798.2_S84C_V85I	S84C,V85I155
M183	450.00000	Eumaeus_atala	BRh1	Arthropoda	Insecta	MN831881.1_A118S_I122F	A118S,I122F350
M184	440.00000	Eumaeus_atala	BRh1	Arthropoda	Insecta	MN831881.1_A118S	A118S350
M185	528.00000	Eumaeus_atala	BRh1	Arthropoda	Insecta	MN831881.1_I122F	I122F350
M186	530.00000	Eumaeus_atala	BRh1	Arthropoda	Insecta	MN831881.1_G177S	G177S350
M187	516.00000	Eumaeus_atala	BRh1	Arthropoda	Insecta	MN831881.1_Y179F	Y179F350
M188	527.00000	Eumaeus_atala	BRh1	Arthropoda	Insecta	MN831881.1_A118S_G177S	A118S,G177S350
M189	526.00000	Eumaeus_atala	BRh1	Arthropoda	Insecta	MN831881.1_A118S_Y179F	A118S,Y179F350
M190	528.00000	Eumaeus_atala	BRh1	Arthropoda	Insecta	MN831881.1_I207C_F208C	I207C,F208C350
M191	535.00000	Eumaeus_atala	BRh1	Arthropoda	Insecta	MN831881.1_I122F_I207C_F208C	I122F,I207C,F208C350
M192	520.00000	Eumaeus_atala	BRh1	Arthropoda	Insecta	MN831881.1_Y179F_I207C_F208C	Y179F,I207C,F208C350
M193	526.00000	Eumaeus_atala	BRh1	Arthropoda	Insecta	MN831881.1_A118S_Y179F_I207C_F208C	A118S,Y179F,I207C,F208C350
M194	533.00000	Eumaeus_atala	BRh1	Arthropoda	Insecta	MN831881.1_A118S_I122F_I207C_F208C	A118S,I122F,I207C,F208C350
M195	528.00000	Eumaeus_atala	BRh1	Arthropoda	Insecta	MN831881.1_A118S_I122F_Y179F_I207C_F208C	A118S,I122F,Y179F,I207C,F208C350
M196	363.00000	Carassius_auratus	SWS1	Chordata	Actinopteri	D85863_F86S	F86S379
M197	357.00000	Columba_livia	SWS1	Chordata	Aves	AJ238856_S86F	S86F379
M198	366.00000	Columba_livia	SWS1	Chordata	Aves	AJ238856_V116L	V116L379
M199	380.00000	Columba_livia	SWS1	Chordata	Aves	AJ238856_V116M	V116M379
M200	372.00000	Gallus_gallus	SWS1	Chordata	Aves	NM_205438.1_S86F	S86F379
M201	419.00000	Gallus_gallus	SWS1	Chordata	Aves	NM_205438.1_V116L	V116L379
M202	420.00000	Melopsittacus_undulatus	SWS1	Chordata	Aves	NM_001311081_C90S	C90S379
M203	361.00000	Melopsittacus_undulatus	SWS1	Chordata	Aves	NM_001311081_A86S	A86S379
M204	424.00000	Homo_sapiens	OPN1SW	Chordata	Mammalia	DQ822478.1_S289A	S289A358
M205	417.00000	Homo_sapiens	OPN1SW	Chordata	Mammalia	DQ822478.1_S87G	S87G358
M206	434.00000	Homo_sapiens	OPN1SW	Chordata	Mammalia	DQ822478.1_Y262W	Y262W358
M207	491.00000	Platynereis_dumerilii	IV-Opn3	Annelida	Polychaeta	AY692353.1_K94T	K94T359
M208	492.00000	Platynereis_dumerilii	IV-Opn3	Annelida	Polychaeta	AY692353.1_K94A	K94A359
M209	491.00000	Platynereis_dumerilii	IV-Opn3	Annelida	Polychaeta	AY692353.1_K94S	K94S359
M210	502.00000	Platynereis_dumerilii	IV-Opn3	Annelida	Polychaeta	AY692353.1_K94V	K94V359
M211	489.00000	Platynereis_dumerilii	IV-Opn3	Annelida	Polychaeta	AY692353.1_K94D	K94D359
M212	461.00000	Platynereis_dumerilii	IV-Opn3	Annelida	Polychaeta	AY692353.1_K94E	K94E359
M213	484.00000	Platynereis_dumerilii	IV-Opn3	Annelida	Polychaeta	AY692353.1_K94H	K94H359
M214	377.00000	Platynereis_dumerilii	IV-Opn3	Annelida	Polychaeta	AY692353.1_K94R	K94R359
M215	485.00000	Drosophila_melanogaster	Inv-Rh1	Arthropoda	Insecta	NM_079683.3_D96N	D96N357
M216	486.00000	Drosophila_melanogaster	Inv-Rh1	Arthropoda	Insecta	NM_079683.3_D124N	D124N357
M217	486.00000	Drosophila_melanogaster	Inv-Rh1	Arthropoda	Insecta	NM_079683.3_D147N	D147N357
M218	484.00000	Drosophila_melanogaster	Inv-Rh1	Arthropoda	Insecta	NM_079683.3_E194Q	E194Q357
M219	481.00000	Drosophila_melanogaster	Inv-Rh1	Arthropoda	Insecta	NM_079683.3_D203N	D203N357
M220	437.00000	Pieris_rapae	PrB	Streptophyta	Magnoliopsida	AB208675.1_S117A	S117A360
M221	446.00000	Pieris_rapae	PrB	Streptophyta	Magnoliopsida	AB208675.1_F177Y	F177Y360
M222	425.00000	Pieris_rapae	PrB	Streptophyta	Magnoliopsida	AB208675.1_S117A_F177Y	S117A,F177Y360
M223	430.00000	Pieris_rapae	PrV	Streptophyta	Magnoliopsida	AB208674.1_A116S	A116S360
M224	521.00000	Argopecten_irradians	Rtc	Mollusca	Bivalvia	KX550908.1_M204L	M204L376
M225	509.00000	Argopecten_irradians	Rtc	Mollusca	Bivalvia	KX550908.1_Y211W	Y211W376
M226	510.00000	Argopecten_irradians	Rtc	Mollusca	Bivalvia	KX550908.1_V216A	V216A376
M227	521.00000	Argopecten_irradians	Rtc	Mollusca	Bivalvia	KX550908.1_M204L_V216A	M204L,V216A376
M228	513.00000	Argopecten_irradians	Rtc	Mollusca	Bivalvia	KX550908.1_M204L_Y211W	M204L,Y211W376
M229	515.00000	Argopecten_irradians	Rtc	Mollusca	Bivalvia	KX550908.1_Y211W_V216A	Y211W,V216A376
M230	513.00000	Argopecten_irradians	Rtc	Mollusca	Bivalvia	KX550908.1_M204L_Y211W_V216A	M204L,Y211W,V216A376
M231	508.00000	Pecten_maximus	Rtc	Mollusca	Bivalvia	XM_033877948.1_L204M	L204M376
M232	505.00000	Pecten_maximus	Rtc	Mollusca	Bivalvia	XM_033877948.1_W211Y	W211Y376
M233	498.00000	Pecten_maximus	Rtc	Mollusca	Bivalvia	XM_033877948.1_A216V	A216V376
M234	500.00000	Pecten_maximus	Rtc	Mollusca	Bivalvia	XM_033877948.1_L204M_W211Y	L204M,W211Y376
M235	494.00000	Pecten_maximus	Rtc	Mollusca	Bivalvia	XM_033877948.1_W211Y_A216V	W211Y,A216V376
M236	505.00000	Pecten_maximus	Rtc	Mollusca	Bivalvia	XM_033877948.1_L204M_W211Y_A216V	L204M,W211Y,A216V376
M237	420.00000	Carassius_auratus	SWS1	Chordata	Actinopteri	D85863.1_F86Y	F86Y378
M238	360.00000	Carassius_auratus	SWS1	Chordata	Actinopteri	D85863.1_F86L	F86L378
M239	360.00000	Carassius_auratus	SWS1	Chordata	Actinopteri	D85863.1_F86M	F86M378
M240	430.00000	Limenitis_a.astyanax	IV-Rh1	Arthropoda	Insecta	AY918902.2_I169F	I169F380
M241	429.00000	Limenitis_a.astyanax	IV-Rh1	Arthropoda	Insecta	AY918902.2_K201R	K201R380
M242	430.00000	Limenitis_a.astyanax	IV-Rh1	Arthropoda	Insecta	AY918902.2_T273A	T273A380
M243	431.00000	Limenitis_a.astyanax	IV-Rh1	Arthropoda	Insecta	AY918902.2_I169F_K201R_T273A	I169F,K201R,T273A380
M244	435.00000	Limenitis_a.astyanax	IV-Rh1	Arthropoda	Insecta	AY918902.2_Y179F	Y179F380
M245	493.00000	Oryzias_latipes	Rh2	Chordata	Actinopteri	AB223054_I95L_T96N_E122Q_V123I_I205M_V209C_F213C_G269A	I95L,T96N,E122Q,V123I,I205M,V209C,F213C,G269A367
M246	516.00000	Oryzias_latipes	Rh2	Chordata	Actinopteri	AB223055_L95I_N96T_Q122E_I123V_M205I_C209V_C213F_A269G	L95I,N96T,Q122E,I123V,M205I,C209V,C213F,A269G367
M247	508.00000	Oryzias_latipes	Rh2	Chordata	Actinopteri	AB223055_Q122E	Q122E367
M248	512.00000	Oryzias_latipes	Rh2	Chordata	Actinopteri	AB223055_N96T_Q122E	N96T,Q122E367
M249	508.00000	Oryzias_latipes	Rh2	Chordata	Actinopteri	AB223055_Q122E_I123V	Q122E,I123V367
M250	508.00000	Oryzias_latipes	Rh2	Chordata	Actinopteri	AB223055_Q122E_M205I	Q122E,M205I367
M251	510.00000	Oryzias_latipes	Rh2	Chordata	Actinopteri	AB223055_Q122E_C209V	Q122E,C209V367
M252	508.00000	Oryzias_latipes	Rh2	Chordata	Actinopteri	AB223055_Q122E_C213F	Q122E,C213F367
M253	508.00000	Oryzias_latipes	Rh2	Chordata	Actinopteri	AB223055_Q122E_A269G	Q122E,A270G367
M254	516.00000	Oryzias_latipes	Rh2	Chordata	Actinopteri	AB223055_L95I_N96T_Q122E_M205I_C209V_C213F_A269G	L95I,N96T,Q122E,M205I,C209V,C213F,A269G367
M255	515.00000	Oryzias_latipes	Rh2	Chordata	Actinopteri	AB223055_N96T_Q122E_M205I_C209V_C213F_A269G	N96T,Q122E,M205I,C209V,C213F,A269G367
M256	514.00000	Oryzias_latipes	Rh2	Chordata	Actinopteri	AB223055_L95I_Q122E_M205I_C209V_C213F_A269G	L95I,Q122E,M205I,C209V,C213F,A269G367
M257	516.00000	Oryzias_latipes	Rh2	Chordata	Actinopteri	AB223055_L95I_N96T_Q122E_C209V_C213F_A269G	L95I,N96T,Q122E,C209V,C213F,A269G367
M258	515.00000	Oryzias_latipes	Rh2	Chordata	Actinopteri	AB223055_L95I_N96T_Q122E_M205I_C209V_A269G	L95I,N96T,Q122E,M205I,C209V,A269G367
M259	516.00000	Oryzias_latipes	Rh2	Chordata	Actinopteri	AB223055_L95I_N96T_Q122E_M205I_C209V_C213F	L95I,N96T,Q122E,M205I,C209V,C213F367
M260	516.00000	Oryzias_latipes	Rh2	Chordata	Actinopteri	AB223055_L95I_N96T_Q122E_I123V_C209V_C213F_A269G	L95I,N96T,Q122E,I123V,C209V,C213F,A269G367
M261	514.00000	Oryzias_latipes	Rh2	Chordata	Actinopteri	AB223055_N96T_Q122E_C209V_C213F_A269G	N96T,Q122E,C209V,C213F,A269G367
M262	513.00000	Oryzias_latipes	Rh2	Chordata	Actinopteri	AB223055_L95I_N96T_Q122E_C213F_A269G	L95I,N96T,Q122E,C213F,A269G367
M263	514.00000	Oryzias_latipes	Rh2	Chordata	Actinopteri	AB223055_L95I_N96T_Q122E_C209V_A269G	L95I,N96T,Q122E,C209V,A269G367
M264	515.00000	Oryzias_latipes	Rh2	Chordata	Actinopteri	AB223055_L95I_N96T_Q122E_C209V_C213F	L95I,N96T,Q122E,C209V,C213F367
M265	469.00000	Oryzias_latipes	Rh2	Chordata	Actinopteri	AB223053_Y24F_I42L_C94T_V100M_L108I_L119I_S202T_F203Y_F255I_L309M	Y24F,I42L,C94T,V100M,L108I,L119I,S202T,F203Y,F255I,L309M367
M266	454.00000	Oryzias_latipes	Rh2	Chordata	Actinopteri	AB223053_Y24F_I42L_L108I_L119I_S202T_L309M	Y24F,I42L,L108I,L119I,S202T,L309M367
M267	463.00000	Oryzias_celebensis	Rh2	Chordata	Actinopteri	LC260051_Y198F_R248K	Y198F,R248K367
M268	462.00000	Oryzias_melastigma	Rh2	Chordata	Actinopteri	LC260054_E33D_I130V_F203Y	E33D,I130V,F203Y367
M269	418.00000	Danio_rerio	SWS2	Chordata	Actinopteri	AB087809.1_S117A	S117A373
M270	416.00000	Danio_rerio	SWS2	Chordata	Actinopteri	AB087809.1_S82A	S82A373
M271	417.00000	Danio_rerio	SWS2	Chordata	Actinopteri	AB087809.1_W85L	W85L373
M272	416.00000	Danio_rerio	SWS2	Chordata	Actinopteri	AB087809.1_V88I	V88I373
M273	417.00000	Danio_rerio	SWS2	Chordata	Actinopteri	AB087809.1_A97S	A97S373
M274	418.00000	Danio_rerio	SWS2	Chordata	Actinopteri	AB087809.1_Y99F	Y99F373
M275	417.00000	Danio_rerio	SWS2	Chordata	Actinopteri	AB087809.1_K100N	K100N373
M276	417.00000	Danio_rerio	SWS2	Chordata	Actinopteri	AB087809.1_I108T	I108T373
M277	417.00000	Danio_rerio	SWS2	Chordata	Actinopteri	AB087809.1_G109A	G109A373
M278	416.00000	Danio_rerio	SWS2	Chordata	Actinopteri	AB087809.1_I119L	I119L373
M279	419.00000	Danio_rerio	SWS2	Chordata	Actinopteri	AB087809.1_C295S	C295S373
M280	443.00000	Carassius_auratus	SWS2	Chordata	Actinopteri	L11864.1_A52T	A52T373
M281	443.00000	Carassius_auratus	SWS2	Chordata	Actinopteri	L11864.1_S80A	S80A373
M282	442.00000	Carassius_auratus	SWS2	Chordata	Actinopteri	L11864.1_A87S	A87S373
M283	440.00000	Carassius_auratus	SWS2	Chordata	Actinopteri	L11864.1_P92S	P92S373
M284	437.00000	Carassius_auratus	SWS2	Chordata	Actinopteri	L11864.1_S94A	S94A373
M285	441.00000	Carassius_auratus	SWS2	Chordata	Actinopteri	L11864.1_L116T	L116T373
M286	444.00000	Carassius_auratus	SWS2	Chordata	Actinopteri	L11864.1_G124S	G124S373
M287	443.00000	Carassius_auratus	SWS2	Chordata	Actinopteri	L11864.1_S163F	S163F373
M288	442.00000	Carassius_auratus	SWS2	Chordata	Actinopteri	L11864.1_G217S	G217S373
M289	442.00000	Carassius_auratus	SWS2	Chordata	Actinopteri	L11864.1_S272A	S272A373
M290	487.00000	Bos_taurus	Rh1	Chordata	Mammalia	NM_001014890.2_G90S	G90S386
M291	484.00000	Bos_taurus	Rh1	Chordata	Mammalia	NM_001014890.2_T118A	T118A386
M292	477.00000	Bos_taurus	Rh1	Chordata	Mammalia	NM_001014890.2_E122D	E122D386
M293	498.00000	Bos_taurus	Rh1	Chordata	Mammalia	NM_001014890.2_A295S	A295S386
M294	453.00000	Bos_taurus	Rh1	Chordata	Mammalia	NM_001014890.2_T118A_E122D_A292S	T118A,E122D,A292S386
M295	508.00000	Gallus_gallus	Rh1	Chordata	Aves	NM_001397497.1_Q64K	Q64K170
M296	491.00000	Gallus_gallus	Rh1	Chordata	Aves	NM_001397497.1_E122Q_Q64K_E150A	E122Q,Q64K,E150A170
M297	504.00000	Gallus_gallus	Rh1	Chordata	Aves	NM_001397497.1_E150A	E150A170
M298	486.00000	Gallus_gallus	Rh1	Chordata	Aves	NM_001397497.1_E122Q	E122Q170
M299	504.00000	Gallus_gallus	Rh1	Chordata	Aves	NM_001397497.1_E122I	E122I170
M300	487.00000	Gallus_gallus	Rh1	Chordata	Aves	NM_001397497.1_E122D	E122D170
M301	525.00000	Gallus_gallus	Rh2	Chordata	Aves	NM_205490.1_Q122E	Q122E170
M302	508.00000	Archosaur_sp.	Rh1	Chordata	Ancestor	AF310191.1_T213I	T213I167
M303	508.00000	Archosaur_sp.	Rh1	Chordata	Ancestor	AF310191.1_T217A	T217A,167
M304	508.00000	Archosaur_sp.	Rh1	Chordata	Ancestor	AF310191.1_V218I	V218I167
M305	509.00000	Archosaur_sp.	Rh1	Chordata	Ancestor	AF310191.1_T213I_T217A_V218I	T213I,T217A,V218I167
M306	495.00000	Latimeria_chalumnae	Rh1	Chordata	Sarcopterygii	AH007712.2_Q122E	Q122E389
M307	493.00000	Latimeria_chalumnae	Rh1	Chordata	Sarcopterygii	AH007712.2_S292A	S292A389
M308	511.00000	Latimeria_chalumnae	Rh1	Chordata	Sarcopterygii	AH007712.2_Q122E_S292A	Q122E,S292A389
M309	491.00000	Latimeria_chalumnae	Rh2	Chordata	Sarcopterygii	AH007713.2_Q122E	Q122E389
M310	484.00000	Latimeria_chalumnae	Rh2	Chordata	Sarcopterygii	AH007713.2_L207M	L207M389
M311	499.00000	Latimeria_chalumnae	Rh2	Chordata	Sarcopterygii	AH007713.2_Q122E_L207M	Q122E,L207M389
M312	360.00000	swsanc1_sp.	UVS	Chordata	Ancestor	swsanc1_F60I	F60I410
M313	361.00000	swsanc1_sp.	UVS	Chordata	Ancestor	swsanc1_V63I	V63I410
M314	362.00000	swsanc1_sp.	UVS	Chordata	Ancestor	swsanc1_G82A,L85I,C86V,I87T,S92F,F96V,S98A,L99S,R100Q	G82A,L85I,C86V,I87T,S92F,F96V,S98A,L99S,R100Q410
M315	361.00000	swsanc1_sp.	UVS	Chordata	Ancestor	swsanc1_V104I	V104I410
M316	361.00000	swsanc1_sp.	UVS	Chordata	Ancestor	swsanc1_H107R,V109L,L112M,L116M,V119I,I137V	H107R,V109L,L112M,L116M,V119I,I137V410
M317	361.00000	swsanc1_sp.	UVS	Chordata	Ancestor	swsanc1_K147R,G149S	K147R,G149S410
M318	392.00000	swsanc6_sp.	SWS	Chordata	Ancestor	swsanc6_V49L,I60V,V63I	V49L,I60V,V63I410
M319	392.00000	swsanc6_sp.	SWS	Chordata	Ancestor	swsanc6_F81V,I85M,I88V	F81V,I85M,I88V410
M320	398.00000	swsanc6_sp.	SWS	Chordata	Ancestor	swsanc6_A118S	A118S410
M321	392.00000	swsanc6_sp.	SWS	Chordata	Ancestor	swsanc6_N149S	N149S410
M322	359.00000	swsanc5_sp.	UVS	Chordata	Ancestor	swsanc5_F49V	F49V410
M323	377.00000	swsanc5_sp.	UVS	Chordata	Ancestor	swsanc5_F84S	F84S410
M324	357.00000	swsanc5_sp.	UVS	Chordata	Ancestor	swsanc5_S118A	S118A410
M325	383.00000	swsanc5_sp.	UVS	Chordata	Ancestor	swsanc5_F49V,F84S	F49V,F84S410
M326	357.00000	swsanc5_sp.	UVS	Chordata	Ancestor	swsanc5_F49V,S118A	F49V,S118A410
M327	369.00000	swsanc5_sp.	UVS	Chordata	Ancestor	swsanc5_F84S,S118A	F84S,S118A410
M328	374.00000	swsanc5_sp.	UVS	Chordata	Ancestor	swsanc5_F49V,F84S,S118A	F49V,F84S,S118A410
M329	374.00000	swsanc5_sp.	UVS	Chordata	Ancestor	swsanc5_F49V,F84S,S118A,A82S	F49V,F84S,S118A,A82S410
M330	374.00000	swsanc5_sp.	UVS	Chordata	Ancestor	swsanc5_F49V,F84S,S118A,L85I	F49V,F84S,S118A,L85I410
M331	374.00000	swsanc5_sp.	UVS	Chordata	Ancestor	swsanc5_F49V,F84S,S118A,R107K	F49V,F84S,S118A,R107K410
M332	375.00000	swsanc5_sp.	UVS	Chordata	Ancestor	swsanc5_F49V,F84S,S118A,V119T	F49V,F84S,S118A,V119T410
M333	375.00000	swsanc5_sp.	UVS	Chordata	Ancestor	swsanc5_F49V,F84S,S118A,A120G	F49V,F84S,S118A,A120G410
M334	360.00000	swsanc5_sp.	UVS	Chordata	Ancestor	swsanc5_A82S,L85I,R107K,V119T,A120G	A82S,L85I,R107K,V119T,A120G410
M335	393.00000	swsanc5'_sp.	UVS	Chordata	Ancestor	swsanc5'_F46L	F46L410
M336	366.00000	swsanc5'_sp.	UVS	Chordata	Ancestor	swsanc5'_S84C	S84C410
M337	360.00000	swsanc5'_sp.	UVS	Chordata	Ancestor	swsanc5'_S89C	S89C410
M338	398.00000	swsanc5'_sp.	UVS	Chordata	Ancestor	swsanc5'_A114G	A114G410
M339	360.00000	swsanc5'_sp.	UVS	Chordata	Ancestor	swsanc5'_S84C,S89C	S84C,S89C410
M340	360.00000	swsanc5'_sp.	UVS	Chordata	Ancestor	swsanc5'_F46L,C86S,S89C,A114G	F46L,C86S,S89C,A114G410
M341	359.00000	swsanc3,Xenopus_sp.,laevis	UVS	Chordata	Ancestor	swsanc3_1_30-NM_001085652.1_31_66-swsanc3_67_350	chimera411
M342	383.00000	swsanc3,Xenopus_sp.,laevis	UVS	Chordata	Ancestor	swsanc3_1_66-NM_001085652.1_67_98-swsanc3_99_350	chimera411
M343	410.00000	swsanc3,Xenopus_sp.,laevis	UVS	Chordata	Ancestor	swsanc3_1_98-NM_001085652.1_99-151-swsanc3_152_350	chimera411
M344	389.00000	swsanc3,Xenopus_sp.,laevis	UVS	Chordata	Ancestor	swsanc3_1_30-NM_001085652.1_31_98-swsanc3_99_350	chimera411
M345	417.00000	swsanc3,Xenopus_sp.,laevis	UVS	Chordata	Ancestor	swsanc3_1_30-NM_001085652.1_31_66-swsanc3_67_98-NM_001085652.1_99_151-swsanc3_152_350	chimera411
M346	421.00000	swsanc3,Xenopus_sp.,laevis	UVS	Chordata	Ancestor	swsanc3_1_66-NM_001085652.1_67_151-swsanc3_152_350	chimera411
M347	422.00000	swsanc3,Xenopus_sp.,laevis	UVS	Chordata	Ancestor	swsanc3_1_30-NM_001085652.1_31_151-swsanc3_152_350	chimera411
M348	360.00000	swsanc3,Xenopus_sp.,laevis	UVS	Chordata	Ancestor	swsanc3_1_151-NM_001085652.1_152_311-swsanc3_312_350	chimera411
M349	361.00000	swsanc3,Xenopus_sp.,laevis	UVS	Chordata	Ancestor	swsanc3_1_30-NM_001085652.1_31_66-swsanc3_67_151-NM_001085652.1_152_311-swsanc3_312_350	chimera411
M350	404.00000	swsanc3,Xenopus_sp.,laevis	UVS	Chordata	Ancestor	swsanc3_1_66-NM_001085652.1_67_98-swsanc3_99_151-NM_001085652.1_152_311-swsanc3_312_350	chimera411
M351	404.00000	swsanc3,Xenopus_sp.,laevis	UVS	Chordata	Ancestor	NM_001085652.1_1_30-swsanc3_31_98-NM_001085652.1_99_347	chimera411
M352	408.00000	swsanc3,Xenopus_sp.,laevis	UVS	Chordata	Ancestor	NM_001085652.1_1_98-swsanc3_99_151-NM_001085652.1_152_347	chimera411
M353	404.00000	swsanc3,Xenopus_sp.,laevis	UVS	Chordata	Ancestor	NM_001085652.1_1_66-swsanc3_67_98-NM_001085652.1_99_347	chimera411
M354	418.00000	swsanc3,Xenopus_sp.,laevis	UVS	Chordata	Ancestor	NM_001085652.1_1_30-swsanc3_31_66-NM_001085652.1_67_347	chimera411
M355	355.00000	Xenopus_laevis	UVS	Chordata	Amphibia	NM_001085652.1_M86F,I91V,P93T,A109V,D113E,V116L,T118S	M86F,I91V,P93T,A109V,D113E,V116L,T118S411
M356	380.00000	swsanc3_sp.	UVS	Chordata	Ancestor	swsanc3_F86M,V91I,T93P	F86M,V91I,T93P411
M357	408.00000	swsanc3_sp.	UVS	Chordata	Ancestor	swsanc3_V109A,E113D,L116V,S118T	V109A,E113D,L116V,S118T411
M358	385.00000	swsanc3_sp.	UVS	Chordata	Ancestor	swsanc3_F49L,F86M,V91I,T93P	F49L,F86M,V91I,T93P411
M359	411.00000	swsanc3_sp.	UVS	Chordata	Ancestor	swsanc3_F49L,V109A,E113D,L116V,S118T	F49L,V109A,E113D,L116V,S118T411
M360	421.00000	swsanc3_sp.	UVS	Chordata	Ancestor	swsanc3_F86M,V91I,T93P,V109A,E113D,L116V,S118T	F86M,V91I,T93P,V109A,E113D,L116V,S118T411
M361	422.00000	swsanc3_sp.	UVS	Chordata	Ancestor	swsanc3_F49L,F86M,V91I,T93P,V109A,E113D,L116V,S118T	F49L,F86M,V91I,T93P,V109A,E113D,L116V,S118T411
M362	361.00000	swsanc3_sp.	UVS	Chordata	Ancestor	swsanc3_F86M	F86M411
M363	359.00000	swsanc3_sp.	UVS	Chordata	Ancestor	swsanc3_T93P	T93P411
M364	394.00000	swsanc3_sp.	UVS	Chordata	Ancestor	swsanc3_F86M,T93P	F86M,T93P411
M365	360.00000	swsanc3_sp.	UVS	Chordata	Ancestor	swsanc3_V109A	V109A411
M366	355.00000	swsanc3_sp.	UVS	Chordata	Ancestor	swsanc3_E113D	E113D411
M367	359.00000	swsanc3_sp.	UVS	Chordata	Ancestor	swsanc3_L116V	L116V411
M368	361.00000	swsanc3_sp.	UVS	Chordata	Ancestor	swsanc3_S118T	S118T411
M369	370.00000	swsanc3_sp.	UVS	Chordata	Ancestor	swsanc3_V109A,E113D	V109A,E113D411
M370	359.00000	swsanc3_sp.	UVS	Chordata	Ancestor	swsanc3_V109A,L116V	V109A,L116V411
M371	361.00000	swsanc3_sp.	UVS	Chordata	Ancestor	swsanc3_V109A,S118T	V109A,S118T411
M372	357.00000	swsanc3_sp.	UVS	Chordata	Ancestor	swsanc3_E113D,S118T	E113D,S118T411
M373	360.00000	swsanc3_sp.	UVS	Chordata	Ancestor	swsanc3_L116V,S118T	L116V,S118T411
M374	391.00000	swsanc3_sp.	UVS	Chordata	Ancestor	swsanc3_V109A,E113D,L116V	V109A,E113D,L116V411
M375	391.00000	swsanc3_sp.	UVS	Chordata	Ancestor	swsanc3_V109A,E113D,S118T	V109A,E113D,S118T411
M376	360.00000	swsanc3_sp.	UVS	Chordata	Ancestor	swsanc3_V109A,L116V,S118T	V109A,L116V,S118T411
M377	359.00000	swsanc3_sp.	UVS	Chordata	Ancestor	swsanc3_E113D,L116V,S118T	E113D,L116V,S118T411
M378	363.00000	swsanc3_sp.	UVS	Chordata	Ancestor	swsanc3_T108I,E113D,L116V,S118T	T108I,E113D,L116V,S118T411
M379	361.00000	swsanc3_sp.	UVS	Chordata	Ancestor	swsanc3_E113D,L116V,S118T,V119L	E113D,L116V,S118T,V119L411
M380	358.00000	swsanc3_sp.	UVS	Chordata	Ancestor	swsanc3_E113D,L116V,S118T,A120T	E113D,L116V,S118T,A120T411
M381	363.00000	swsanc3_sp.	UVS	Chordata	Ancestor	swsanc3_A111S,L112I,E113D,L116V,S118T	A111S,L112I,E113D,L116V,S118T411
M382	363.00000	swsanc3_sp.	UVS	Chordata	Ancestor	swsanc3_A111S,E113D,L116V,S118T,A120T	A111S,E113D,L116V,S118T,A120T411
M383	383.00000	swsanc3_sp.	UVS	Chordata	Ancestor	swsanc3_F46M,F86M,V91I,T93P	F46M,F86M,V91I,T93P411
M384	385.00000	swsanc3_sp.	UVS	Chordata	Ancestor	swsanc3_F46M,F49L,F86M,V91I,T93P	F46M,F49L,F86M,V91I,T93P411
M385	423.00000	swsanc3_sp.	UVS	Chordata	Ancestor	swsanc3_F46M,F49L,F86M,V91I,T93P,T108I,V109A,A111S,L112I,E113D,L116V,S118T,V119L,A120T	F46M,F49L,F86M,V91I,T93P,T108I,V109A,A111S,L112I,E113D,L116V,S118T,V119L,A120T411
M386	365.00000	Homo,Mus_sapiens,musculus	UVS	Chordata	Mammalia	NP_031564.1_1_92-AH003620.2_93_348	chimera413
M387	360.00000	Homo,Mus_sapiens,musculus	UVS	Chordata	Mammalia	NP_031564.1_1_146-AH003620.2_147_348	chimera413
M388	360.00000	Homo,Mus_sapiens,musculus	UVS	Chordata	Mammalia	NP_031564.1_1_253-AH003620.2_254_348	chimera413
M389	396.00000	Homo,Mus_sapiens,musculus	UVS	Chordata	Mammalia	AH003620.2_1_92-NP_031564.1_93_346	chimera413
M390	414.00000	Homo,Mus_sapiens,musculus	SWS	Chordata	Mammalia	AH003620.2_1_146-NP_031564.1_147_346	chimera413
M391	414.00000	Homo,Mus_sapiens,musculus	SWS	Chordata	Mammalia	AH003620.2_1_253-NP_031564.1_254_346	chimera413
M392	381.00000	Homo,Mus_sapiens,musculus	UVS	Chordata	Mammalia	NP_031564.1_1_55-AH003620.2_56_92-NP_031564.1_93_346	chimera413
M393	363.00000	Homo,Mus_sapiens,musculus	UVS	Chordata	Mammalia	NP_031564.1_1_92-AH003620.2_93_146-NP_031564.1_147_346	chimera413
M394	405.00000	Homo,Mus_sapiens,musculus	SWS	Chordata	Mammalia	NP_031564.1_1_55-AH003620.2_56_146-NP_031564.1_147_346	chimera413
M395	359.00000	Mus_musculus	UVS	Chordata	Mammalia	NP_031564.1_R38Y	R38Y413
M396	359.00000	Mus_musculus	UVS	Chordata	Mammalia	NP_031564.1_F46T	F46T413
M397	359.00000	Mus_musculus	UVS	Chordata	Mammalia	NP_031564.1_F49L	F49L413
M398	359.00000	Mus_musculus	UVS	Chordata	Mammalia	NP_031564.1_V50I	V50I413
M399	359.00000	Mus_musculus	UVS	Chordata	Mammalia	NP_031564.1_T52F	T52F413
M400	359.00000	Mus_musculus	UVS	Chordata	Mammalia	NP_031564.1_I57M	I57M413
M401	359.00000	Mus_musculus	UVS	Chordata	Mammalia	NP_031564.1_H64R	H64R413
M402	359.00000	Mus_musculus	UVS	Chordata	Mammalia	NP_031564.1_L81F	L81F413
M403	359.00000	Mus_musculus	UVS	Chordata	Mammalia	NP_031564.1_F85L	F85L413
M404	359.00000	Mus_musculus	UVS	Chordata	Mammalia	NP_031564.1_T92P	T92P413
M405	359.00000	Mus_musculus	UVS	Chordata	Mammalia	NP_031564.1_I95V	I95V413
M406	359.00000	Mus_musculus	UVS	Chordata	Mammalia	NP_031564.1_H100N	H100N413
M407	359.00000	Mus_musculus	UVS	Chordata	Mammalia	NP_031564.1_L104V	L104V413
M408	359.00000	Mus_musculus	UVS	Chordata	Mammalia	NP_031564.1_A114G	A114G413
M409	359.00000	Mus_musculus	UVS	Chordata	Mammalia	NP_031564.1_S118T	S118T413
M410	359.00000	Mus_musculus	UVS	Chordata	Mammalia	NP_031564.1_V137I	V137I413
M411	359.00000	Mus_musculus	UVS	Chordata	Mammalia	NP_031564.1_S145N	S145N413
M412	359.00000	Mus_musculus	UVS	Chordata	Mammalia	NP_031564.1_I146F	I146F413
M413	359.00000	Mus_musculus	UVS	Chordata	Mammalia	NP_031564.1_N149S	N149S413
M414	381.00000	Mus_musculus	UVS	Chordata	Mammalia	NP_031564.1_L81F,F85L,T92P	L81F,F85L,T92P413
M415	363.00000	Mus_musculus	UVS	Chordata	Mammalia	NP_031564.1_A114G,S118T	A114G,S118T413
M416	403.00000	Mus_musculus	UVS	Chordata	Mammalia	NP_031564.1_L81F,F85L,T92P,A114G,S118T	L81F,F85L,T92P,A114G,S118T413
M417	395.00000	Mus_musculus	UVS	Chordata	Mammalia	NP_031564.1_F46T,F49L,T52F,L81F,F85L,T92P	F46T,F49L,T52F,L81F,F85L,T92P413
M418	412.00000	Mus_musculus	UVS	Chordata	Mammalia	NP_031564.1_F46T,F49L,T52F,L81F,F85L,T92P,A114G,S118T	F46T,F49L,T52F,L81F,F85L,T92P,A114G,S118T413
M419	411.00000	Mus_musculus	UVS	Chordata	Mammalia	NP_031564.1_F46T,F49L,T52F,F85L,T92P,A114G,S118T	F46T,F49L,T52F,F85L,T92P,A114G,S118T413
M420	352.00000	Mus_musculus	UVS	Chordata	Mammalia	NP_031564.1_E113Q	E113Q413
M421	369.00000	Mus_musculus	UVS	Chordata	Mammalia	NP_031564.1_F46T,F49L,T52F,F85L,T92P,E113Q,A114G,S118T	F46T,F49L,T52F,F85L,T92P,E113Q,A114G,S118T413
M422	353.00000	Homo_sapiens	SWS	Chordata	Mammalia	AH003620.2_T46F,L49F,F52T,L93F,P100T,G114A,T118S	T46F,L49F,F52T,L93F,P100T,G114A,T118S413
M423	369.00000	Homo_sapiens	SWS	Chordata	Mammalia	AH003620.2_T46F,L49F,F52T,F88L,L93F,P100T,G114A,T118S	T46F,L49F,F52T,F88L,L93F,P100T,G114A,T118S413
M424	498.00000	Loxodonta_africana	Rh1	Chordata	Mammalia	AY686752.1_N83D	N83D415
M425	367.00000	Loxodonta_africana	SWS1	Chordata	Mammalia	AY686753.1_S86F	S86F415
M426	412.00000	Loxodonta_africana	SWS1	Chordata	Mammalia	AY686753.1_I92T	I93T415
M427	416.00000	Loxodonta_africana	SWS1	Chordata	Mammalia	AY686753.1_V116L	V116L415
M428	359.00000	Loxodonta_africana	SWS1	Chordata	Mammalia	AY686753.1_S86F,I92T	S86F,I93T415
M429	360.00000	Loxodonta_africana	SWS1	Chordata	Mammalia	AY686753.1_S86F,V116L	S86F,V116L415
M430	411.00000	Loxodonta_africana	SWS1	Chordata	Mammalia	AY686753.1_I92T,V116L	I93T,V116L415
M431	360.00000	Loxodonta_africana	SWS1	Chordata	Mammalia	AY686753.1_S86F,I92T,V116L	S86F,I93T,V116L415
M432	558.00000	Loxodonta_africana	LWS	Chordata	Mammalia	AY686754.1_A180S	A180S415
M433	352.00000	Chrysochroa_rajah	IV-UVS	Arthropoda	Insecta	OP722931.1_Q186A	Q186A418
M434	359.00000	Chrysochroa_rajah	IV-UVS	Arthropoda	Insecta	OP722931.1_F261Y	F261Y418
M435	358.00000	Chrysochroa_rajah	IV-UVS	Arthropoda	Insecta	OP722931.1_Q186A_F261Y	Q118A,F261Y418
M436	507.00000	Chrysochroa_rajah	IV-LWS	Arthropoda	Insecta	OP722948.1_C122T	C122T418
M437	511.00000	Chrysochroa_rajah	IV-LWS	Arthropoda	Insecta	OP722948.1_V211C	V211C418
M438	519.00000	Chrysochroa_rajah	IV-LWS	Arthropoda	Insecta	OP722948.1_C122T_V211C	C122T,V211C418
M439	533.00000	lwsanc_pigmentx_sp.	LWS	Chordata	Ancestor	lwsanc_pigmentx_A180S	A180S414
M440	554.00000	lwsanc_pigmenty_sp.	LWS	Chordata	Ancestor	lwsanc_pigmenty_I274V	I274V414
M441	553.00000	lwsanc_pigmenty_sp.	LWS	Chordata	Ancestor	lwsanc_pigmenty_I320V	I320V414
M442	532.00000	lwsanc_pigmentz_sp.	LWS	Chordata	Ancestor	lwsanc_pigmentz_T58A	T58A414
M443	533.00000	lwsanc_pigmentz_sp.	LWS	Chordata	Ancestor	lwsanc_pigmentz_H294N	H294N414
M444	532.00000	lwsanc_pigmentz_sp.	LWS	Chordata	Ancestor	lwsanc_pigmentz_V76A	V76A414
M445	501.70000	Bos_taurus	Rh1	Chordata	Mammalia	NM_001014890.2_T160A	T160A420
M446	499.00000	Bos_taurus	Rh1	Chordata	Mammalia	NM_001014890.2_I259M	I259M420
M447	376.00000	Phodopus_sungorus	SWS1	Chordata	Mammalia	JQ036217_F86Y	F86Y421
M448	358.00000	Phodopus_sungorus	SWS1	Chordata	Mammalia	JQ036217_S90A	S90A421
M449	358.00000	Phodopus_sungorus	SWS1	Chordata	Mammalia	JQ036217_S90C	S90C421
M450	424.00000	Mus_musculus	UVS	Chordata	Mammalia	NP_031564.1_F86Y	F86Y409
M451	354.00000	Mus_musculus	UVS	Chordata	Mammalia	NP_031564.1_E113A	E113A409
M452	367.00000	Bos_taurus	SWS1	Chordata	Mammalia	U92557.1_Y86F	Y86F409
M453	431.00000	Bos_taurus	SWS1	Chordata	Mammalia	U92557.1_S90C	S90C409
M454	363.00000	Chlamydera_nuchalis	SWS1	Chordata	Aves	CNUCHCUSTOM_S90C	S90C354
M455	403.00000	Chlamydera_nuchalis	SWS1	Chordata	Aves	CNUCHCUSTOM_C86S	C86S354
M456	365.00000	Chlamydera_nuchalis	SWS1	Chordata	Aves	CNUCHCUSTOM_C86F	C86F354
M457	363.00000	Chlamydera_nuchalis	SWS1	Chordata	Aves	CNUCHCUSTOM_C86F_S90C	C86F,S90C354
M458	500.00000	Bos_taurus	Rh1	Chordata	Mammalia	NM_001014890_H195T	H195T419
M459	499.00000	Bos_taurus	Rh1	Chordata	Mammalia	NM_001014890_H195S	H195S419
M460	482.00000	Physeter_catodon	Rh1	Chordata	Mammalia	XM_007126220_T195H	T195H419
M461	482.00000	Physeter_catodon	Rh1	Chordata	Mammalia	XM_007126220_T195K	T195K419
M462	443.00000	Ochotona_princeps	SWS1	Chordata	Mammalia	XM_004592516_A86F	A86F419
M463	433.00000	Ochotona_princeps	SWS1	Chordata	Mammalia	XM_004592516_N93T	N93T419
M464	363.00000	Ochotona_princeps	SWS1	Chordata	Mammalia	XM_004592516_A86F_N93T	A86F,N93T419
M465	370.00000	Mus_musculus	SWS1	Chordata	Mammalia	NP_031564.1_F86A	F86A419
M466	365.00000	Mus_musculus	SWS1	Chordata	Mammalia	NP_031564.1_T93N	T93N419
M467	430.00000	Mus_musculus	SWS1	Chordata	Mammalia	NP_031564.1_F86A_T93N	F86A,T93N419
M468	353.00000	Xenopus_laevis	SWS1	Chordata	Amphibia	NM_001085652.1_D114A	D114A425
M469	415.00000	Xenopus_laevis	SWS1	Chordata	Amphibia	NM_001085652.1_D114E	D114E425
M470	352.00000	Xenopus_laevis	SWS1	Chordata	Amphibia	NM_001085652.1_D114G	D114G425
M471	365.00000	Xenopus_laevis	SWS1	Chordata	Amphibia	NM_001085652.1_D114N	D114N425
M472	371.00000	Xenopus_laevis	SWS1	Chordata	Amphibia	NM_001085652.1_D114H	D114H425
M473	429.00000	Xenopus_laevis	SWS1	Chordata	Amphibia	NM_001085652.1_G116A	G116A425
M474	425.00000	Xenopus_laevis	SWS1	Chordata	Amphibia	NM_001085652.1_G116D	G116D425
M475	532.00000	Saimiri_sciureus	LWS	Chordata	Mammalia	AH006283_I232F	I232F384
M476	533.00000	Saimiri_sciureus	LWS	Chordata	Mammalia	AH006283_S236G	S236G384
M477	533.00000	Saimiri_sciureus	LWS	Chordata	Mammalia	AH006283_I232F_S236G	I232F,S236G384
M478	545.00000	Saimiri_sciureus	LWS	Chordata	Mammalia	AH006282_I232F	I232F384
M479	546.00000	Saimiri_sciureus	LWS	Chordata	Mammalia	AH006282_S236G	S236G384
M480	546.00000	Saimiri_sciureus	LWS	Chordata	Mammalia	AH006282_I232F_S236G	I232F,S236G384
M481	559.00000	Saimiri_sciureus	LWS	Chordata	Mammalia	AH006281_F232I	F232I384
M482	556.00000	Saimiri_sciureus	LWS	Chordata	Mammalia	AH006281_G236S	G236S384
M483	559.00000	Saimiri_sciureus	LWS	Chordata	Mammalia	AH006281_F232I_G236S	F232I,G236S384
M484	555.00000	lwsancestor_pigmentd	LWS	Chordata	Ancestor	lwsanc_pigmentd_S180A	S180A427
M485	536.00000	lwsancestor_pigmentd	LWS	Chordata	Ancestor	lwsanc_pigmentd_H197Y	H197Y427
M486	550.00000	lwsancestor_pigmentd	LWS	Chordata	Ancestor	lwsanc_pigmentd_Y277F	Y277F427
M487	543.00000	lwsancestor_pigmentd	LWS	Chordata	Ancestor	lwsanc_pigmentd_T285A	T285A427
M488	527.00000	lwsancestor_pigmentd	LWS	Chordata	Ancestor	lwsanc_pigmentd_A308S	A308S427
M489	533.00000	lwsancestor_pigmentd	LWS	Chordata	Ancestor	lwsanc_pigmentd_S180A_H197Y	S180A_H197Y427
M490	545.00000	lwsancestor_pigmentd	LWS	Chordata	Ancestor	lwsanc_pigmentd_S180A_Y277F	S180A_Y277F427
M491	536.00000	lwsancestor_pigmentd	LWS	Chordata	Ancestor	lwsanc_pigmentd_S180A_T285A	S180A_T285A427
M492	525.00000	lwsancestor_pigmentd	LWS	Chordata	Ancestor	lwsanc_pigmentd_S180A_A308S	S180A_A308S427
M493	522.00000	lwsancestor_pigmentd	LWS	Chordata	Ancestor	lwsanc_pigmentd_H197Y_T285A	H197Y_T285A427
M494	516.00000	lwsancestor_pigmentd	LWS	Chordata	Ancestor	lwsanc_pigmentd_H197Y_A308S	H197Y_A308S427
M495	534.00000	lwsancestor_pigmentd	LWS	Chordata	Ancestor	lwsanc_pigmentd_Y277F_T285A	Y277F_T285A427
M496	512.00000	lwsancestor_pigmentd	LWS	Chordata	Ancestor	lwsanc_pigmentd_S180A_H197Y_A308S	S180A_H197Y_A308S427
M497	532.00000	lwsancestor_pigmentd	LWS	Chordata	Ancestor	lwsanc_pigmentd_S180A_Y277F_T285A	S180A_Y277F_T285A427
M498	439.00000	Anolis_carolinensis	SWS2	Chordata	Lepidosauria	AF133907_I46F	I46F426
M499	439.00000	Anolis_carolinensis	SWS2	Chordata	Lepidosauria	AF133907_V49I	V49I426
M500	438.00000	Anolis_carolinensis	SWS2	Chordata	Lepidosauria	AF133907_G164A	G164A426
M501	438.00000	Anolis_carolinensis	SWS2	Chordata	Lepidosauria	AF133907_I46F_V49I_G164A	I46F,V49I,G164A426
M502	438.00000	Anolis_carolinensis	SWS2	Chordata	Lepidosauria	AF133907_I46L_V49I_G164A	I46L/V49I/G164A426
M503	439.00000	Anolis_carolinensis	SWS2	Chordata	Lepidosauria	AF133907_I46F_G164A	I46F/G164A426
M504	438.00000	Anolis_carolinensis	SWS2	Chordata	Lepidosauria	AF133907_I46A_V49I_G164A	I46A/V49I/G164A426
M505	439.00000	Anolis_carolinensis	SWS2	Chordata	Lepidosauria	AF133907_I46F_V49I_V52A_G164A	I46F/V49I/V52A/G164A426
M506	442.00000	Anolis_carolinensis	SWS2	Chordata	Lepidosauria	AF133907_I46F_V49I_G164A_A269S	I46F/V49I/G164A/A269S426
M507	438.00000	Anolis_carolinensis	SWS2	Chordata	Lepidosauria	AF133907_I46F_V49I_V52F_G164A	I46F/V49I/V52F/G164A426
M508	439.00000	Anolis_carolinensis	SWS2	Chordata	Lepidosauria	AF133907_I46F_V49I_G164A_A269C	I46F/V49I/G164A/A269C426
M509	444.00000	Anolis_carolinensis	SWS2	Chordata	Lepidosauria	AF133907_I46F_V49I_G164A_A269T	I46F/V49I/G164A/A269T426
M510	448.00000	Carassius_auratus	SWS2	Chordata	Actinopteri	L11864_A269S	A269S426
M511	444.00000	Carassius_auratus	SWS2	Chordata	Actinopteri	L11864_A269C	A269C426
M512	449.00000	Carassius_auratus	SWS2	Chordata	Actinopteri	L11864_A269T	A269T426
M513	448.00000	Columba_livia	SWS2	Chordata	Aves	AH007799.2_S269A	S269A426
M514	450.00000	Columba_livia	SWS2	Chordata	Aves	AH007799.2_S269C	S269C426
M515	453.00000	Columba_livia	SWS2	Chordata	Aves	AH007799.2_S269T	S269T426
M516	486.00000	Drosophila_melanogaster	IV	Arthropoda	Insecta	NM_079683.3_Y126F	Y126F483
M517	344.00000	Drosophila_melanogaster	IV	Arthropoda	Insecta	NM_079687.3_F133Y	F133Y483
M518	434.00000	Drosophila_melanogaster	Rh-MWS	Arthropoda	Insecta	U67905.1_H38P_R42L	H38P,R42L483
M519	435.00000	Drosophila_melanogaster	Rh-MWS	Arthropoda	Insecta	U67905.1_A53Y	A53Y483
M520	377.00000	Drosophila_melanogaster	Rh-MWS	Arthropoda	Insecta	U67905.1_N104K	N104K483
M521	434.00000	Drosophila_melanogaster	Rh-MWS	Arthropoda	Insecta	U67905.1_I110Y	I110Y483
M522	436.00000	Drosophila_melanogaster	Rh-MWS	Arthropoda	Insecta	U67905.1_D125Q_Y127F	D125Q,Y127F483
M523	437.00000	Drosophila_melanogaster	Rh-MWS	Arthropoda	Insecta	U67905.1_F147Y	F147Y483
M524	434.00000	Drosophila_melanogaster	Rh-MWS	Arthropoda	Insecta	U67905.1_T173I_W176Y	T173I,W176Y483
M525	435.00000	Drosophila_melanogaster	Rh-MWS	Arthropoda	Insecta	U67905.1_R243F	R243F483
M526	437.00000	Drosophila_melanogaster	Rh-MWS	Arthropoda	Insecta	U67905.1_S325A	S325A483
M527	420.00000	Drosophila_melanogaster	IV	Arthropoda	Insecta	NM_079687.3_K110N	K110N483
M528	421.00000	Drosophila_melanogaster	IV	Arthropoda	Insecta	NM_079687.3_K110E	K110E483
M529	488.00000	Drosophila_melanogaster	IV	Arthropoda	Insecta	NM_079683.3_Y126E	Y126E483
M530	450.00000	Drosophila_melanogaster	IV-RH	Arthropoda	Insecta	AY060299_K168E	K168E500
M531	355.00000	AncBoreotheria_sp.	SWS1	Chordata	Ancestor	AncBoreotheria_F46T	F46T510
M532	354.00000	AncBoreotheria_sp.	SWS1	Chordata	Ancestor	AncBoreotheria_F49L	F49L510
M533	357.00000	AncBoreotheria_sp.	SWS1	Chordata	Ancestor	AncBoreotheria_F86L	F86L510
M534	359.00000	AncBoreotheria_sp.	SWS1	Chordata	Ancestor	AncBoreotheria_T93P	T93P510
M535	358.00000	AncBoreotheria_sp.	SWS1	Chordata	Ancestor	AncBoreotheria_A114G	A114G510
M536	358.00000	AncBoreotheria_sp.	SWS1	Chordata	Ancestor	AncBoreotheria_S118T	S118T510
M537	355.00000	AncBoreotheria_sp.	SWS1	Chordata	Ancestor	AncBoreotheria_F46T,F49L	F46T,F49L510
M538	356.00000	AncBoreotheria_sp.	SWS1	Chordata	Ancestor	AncBoreotheria_F46T,T52F	F46T,T52F510
M539	358.00000	AncBoreotheria_sp.	SWS1	Chordata	Ancestor	AncBoreotheria_F46T,F86L	F46T,F86L510
M540	358.00000	AncBoreotheria_sp.	SWS1	Chordata	Ancestor	AncBoreotheria_F46T,T93P	F46T,T93P510
M541	358.00000	AncBoreotheria_sp.	SWS1	Chordata	Ancestor	AncBoreotheria_F46T,S118T	F46T,S118T510
M542	353.00000	AncBoreotheria_sp.	SWS1	Chordata	Ancestor	AncBoreotheria_F49L,F86L	F49L,F86L510
M543	356.00000	AncBoreotheria_sp.	SWS1	Chordata	Ancestor	AncBoreotheria_F49L,T93P	F49L,T93P510
M544	356.00000	AncBoreotheria_sp.	SWS1	Chordata	Ancestor	AncBoreotheria_T52F,T93P	T52F,T93P510
M545	377.00000	AncBoreotheria_sp.	SWS1	Chordata	Ancestor	AncBoreotheria_F86L,T93P	F86L,T93P510
M546	357.00000	AncBoreotheria_sp.	SWS1	Chordata	Ancestor	AncBoreotheria_F86L,A114G	F86L,A114G510
M547	360.00000	AncBoreotheria_sp.	SWS1	Chordata	Ancestor	AncBoreotheria_F86L,S118T	F86L,S118T510
M548	361.00000	AncBoreotheria_sp.	SWS1	Chordata	Ancestor	AncBoreotheria_T93P,A114G	T93P,A114G510
M549	359.00000	AncBoreotheria_sp.	SWS1	Chordata	Ancestor	AncBoreotheria_T93P,S118T	T93P,S118T510
M550	357.00000	AncBoreotheria_sp.	SWS1	Chordata	Ancestor	AncBoreotheria_A114G,S118T	A114G,S118T510
M551	356.00000	AncBoreotheria_sp.	SWS1	Chordata	Ancestor	AncBoreotheria_F46T,F49L,F86L	F46T,F49L,F86L510
M552	358.00000	AncBoreotheria_sp.	SWS1	Chordata	Ancestor	AncBoreotheria_F46T,F49L,T93P	F46T,F49L,T93P510
M553	355.00000	AncBoreotheria_sp.	SWS1	Chordata	Ancestor	AncBoreotheria_F46T,T52F,T93P	F46T,T52F,T93P510
M554	386.00000	AncBoreotheria_sp.	SWS1	Chordata	Ancestor	AncBoreotheria_F46T,F86L,T93P	F46T,F86L,T93P510
M555	359.00000	AncBoreotheria_sp.	SWS1	Chordata	Ancestor	AncBoreotheria_F46T,F86L,A114G	F46T,F86L,A114G510
M556	360.00000	AncBoreotheria_sp.	SWS1	Chordata	Ancestor	AncBoreotheria_F46T,F86L,S118T	F46T,F86L,S118T510
M557	360.00000	AncBoreotheria_sp.	SWS1	Chordata	Ancestor	AncBoreotheria_F46T,T93P,A114G	F46T,T93P,A114G510
M558	360.00000	AncBoreotheria_sp.	SWS1	Chordata	Ancestor	AncBoreotheria_F46T,T93P,S118T	F46T,T93P,S118T510
M559	388.00000	AncBoreotheria_sp.	SWS1	Chordata	Ancestor	AncBoreotheria_F49L,F86L,T93P	F49L,F86L,T93P510
M560	359.00000	AncBoreotheria_sp.	SWS1	Chordata	Ancestor	AncBoreotheria_F49L,T93P,A114G	F49L,T93P,A114G510
M561	356.00000	AncBoreotheria_sp.	SWS1	Chordata	Ancestor	AncBoreotheria_F49L,T93P,S118T	F49L,T93P,S118T510
M562	388.00000	AncBoreotheria_sp.	SWS1	Chordata	Ancestor	AncBoreotheria_T52F,F86L,T93P	T52F,F86L,T93P510
M563	381.00000	AncBoreotheria_sp.	SWS1	Chordata	Ancestor	AncBoreotheria_F86L,T93P,A114G	F86L,T93P,A114G510
M564	399.00000	AncBoreotheria_sp.	SWS1	Chordata	Ancestor	AncBoreotheria_F86L,T93P,S118T	F86L,T93P,S118T510
M565	361.00000	AncBoreotheria_sp.	SWS1	Chordata	Ancestor	AncBoreotheria_F86L,A114G,S118T	F86L,A114G,S118T510
M566	363.00000	AncBoreotheria_sp.	SWS1	Chordata	Ancestor	AncBoreotheria_T93P,A114G,S118T	T93P,A114G,S118T510
M567	389.00000	AncBoreotheria_sp.	SWS1	Chordata	Ancestor	AncBoreotheria_F46T,F49L,F86L,T93P	F46T,F49L,F86L,T93P510
M568	358.00000	AncBoreotheria_sp.	SWS1	Chordata	Ancestor	AncBoreotheria_F46T,F49L,T93P,S118T	F46T,F49L,T93P,S118T510
M569	390.00000	AncBoreotheria_sp.	SWS1	Chordata	Ancestor	AncBoreotheria_F46T,T52F,F86L,T93P	F46T,T52F,F86L,T93P510
M570	391.00000	AncBoreotheria_sp.	SWS1	Chordata	Ancestor	AncBoreotheria_F46T,F86L,T93P,A114G	F46T,F86L,T93P,A114G510
M571	397.00000	AncBoreotheria_sp.	SWS1	Chordata	Ancestor	AncBoreotheria_F46T,F86L,T93P,S118T	F46T,F86L,T93P,S118T510
M572	362.00000	AncBoreotheria_sp.	SWS1	Chordata	Ancestor	AncBoreotheria_F46T,T93P,A114G,S118T	F46T,T93P,A114G,S118T510
M573	396.00000	AncBoreotheria_sp.	SWS1	Chordata	Ancestor	AncBoreotheria_F49L,T52F,F86L,T93P	F49L,T52F,F86L,T93P510
M574	385.00000	AncBoreotheria_sp.	SWS1	Chordata	Ancestor	AncBoreotheria_F49L,F86L,T93P,A114G	F49L,F86L,T93P,A114G510
M575	403.00000	AncBoreotheria_sp.	SWS1	Chordata	Ancestor	AncBoreotheria_F49L,F86L,T93P,S118T	F49L,F86L,T93P,S118T510
M576	363.00000	AncBoreotheria_sp.	SWS1	Chordata	Ancestor	AncBoreotheria_F49L,T93P,A114G,S118T	F49L,T93P,A114G,S118T510
M577	394.00000	AncBoreotheria_sp.	SWS1	Chordata	Ancestor	AncBoreotheria_T52F,F86L,T93P,A114G	T52F,F86L,T93P,A114G510
M578	408.00000	AncBoreotheria_sp.	SWS1	Chordata	Ancestor	AncBoreotheria_T52F,F86L,T93P,S118T	T52F,F86L,T93P,S118T510
M579	402.00000	AncBoreotheria_sp.	SWS1	Chordata	Ancestor	AncBoreotheria_F86L,T93P,A114G,S118T	F86L,T93P,A114G,S118T510
M580	394.00000	AncBoreotheria_sp.	SWS1	Chordata	Ancestor	AncBoreotheria_F46T,F49L,T52F,F86L,T93P	F46T,F49L,T52F,F86L,T93P510
M581	394.00000	AncBoreotheria_sp.	SWS1	Chordata	Ancestor	AncBoreotheria_F46T,F49L,F86L,T93P,A114G	F46T,F49L,F86L,T93P,A114G510
M582	401.00000	AncBoreotheria_sp.	SWS1	Chordata	Ancestor	AncBoreotheria_F46T,F49L,F86L,T93P,S118T	F46T,F49L,F86L,T93P,S118T510
M583	369.00000	AncBoreotheria_sp.	SWS1	Chordata	Ancestor	AncBoreotheria_F46T,F49L,F86L,A114G,S118T	F46T,F49L,F86L,A114G,S118T510
M584	395.00000	AncBoreotheria_sp.	SWS1	Chordata	Ancestor	AncBoreotheria_F46T,T52F,F86L,T93P,A114G	F46T,T52F,F86L,T93P,A114G510
M585	394.00000	AncBoreotheria_sp.	SWS1	Chordata	Ancestor	AncBoreotheria_F46T,T52F,F86L,T93P,S118T	F46T,T52F,F86L,T93P,S118T510
M586	363.00000	AncBoreotheria_sp.	SWS1	Chordata	Ancestor	AncBoreotheria_F46T,T52F,F86L,A114G,S118T	F46T,T52F,F86L,A114G,S118T510
M587	402.00000	AncBoreotheria_sp.	SWS1	Chordata	Ancestor	AncBoreotheria_F46T,F86L,T93P,A114G,S118T	F46T,F86L,T93P,A114G,S118T510
M588	394.00000	AncBoreotheria_sp.	SWS1	Chordata	Ancestor	AncBoreotheria_F49L,T52F,F86L,T93P,A114G	F49L,T52F,F86L,T93P,A114G510
M589	406.00000	AncBoreotheria_sp.	SWS1	Chordata	Ancestor	AncBoreotheria_F49L,T52F,F86L,T93P,S118T	F49L,T52F,F86L,T93P,S118T510
M590	399.00000	AncBoreotheria_sp.	SWS1	Chordata	Ancestor	AncBoreotheria_F49L,F86L,T93P,A114G,S118T	F49L,F86L,T93P,A114G,S118T510
M591	410.00000	AncBoreotheria_sp.	SWS1	Chordata	Ancestor	AncBoreotheria_T52F,F86L,T93P,A114G,S118T	T52F,F86L,T93P,A114G,S118T510
M592	393.00000	AncBoreotheria_sp.	SWS1	Chordata	Ancestor	AncBoreotheria_F46T,F49L,T52F,F86L,T93P,A114G	F46T,F49L,T52F,F86L,T93P,A114G510
M593	407.00000	AncBoreotheria_sp.	SWS1	Chordata	Ancestor	AncBoreotheria_F46T,F49L,T52F,F86L,T93P,S118T	F46T,F49L,T52F,F86L,T93P,S118T510
M594	404.00000	AncBoreotheria_sp.	SWS1	Chordata	Ancestor	AncBoreotheria_F46T,F49L,F86L,T93P,A114G,S118T	F46T,F49L,F86L,T93P,A114G,S118T510
M595	407.00000	AncBoreotheria_sp.	SWS1	Chordata	Ancestor	AncBoreotheria_F46T,T52F,F86L,T93P,A114G,S118T	F46T,T52F,F86L,T93P,A114G,S118T510
M596	408.00000	AncBoreotheria_sp.	SWS1	Chordata	Ancestor	AncBoreotheria_F49L,T52F,F86L,T93P,A114G,S118T	F49L,T52F,F86L,T93P,A114G,S118T510
M597	411.00000	AncBoreotheria_sp.	SWS1	Chordata	Ancestor	AncBoreotheria_F46T,F49L,T52F,F86L,T93P,A114G,S118T	F46T,F49L,T52F,F86L,T93P,A114G,S118T510
M598	362.00000	swsanc3_sp.	SWS1	Chordata	Ancestor	swsanc3_V91I	V91I519
M599	356.00000	swsanc3_sp.	SWS1	Chordata	Ancestor	swsanc3_E113D,L116V	E113D,L116V519
M600	374.00000	AncEutheria_sp.	SWS1	Chordata	Ancestor	AncEutheria_F86S	F86S520
M601	360.00000	AncEutheria_sp.	SWS1	Chordata	Ancestor	AncEutheria_T93I	T93I520
M602	359.00000	AncEutheria_sp.	SWS1	Chordata	Ancestor	AncEutheria_L116V	L116V520
M603	415.00000	AncEutheria_sp.	SWS1	Chordata	Ancestor	AncEutheria_F86S,T93I	F86S,T93I520
M604	398.00000	AncEutheria_sp.	SWS1	Chordata	Ancestor	AncEutheria_F86S,L116V	F86S,L116V520
M605	360.00000	AncEutheria_sp.	SWS1	Chordata	Ancestor	AncEutheria_T93I,L116V	T93I,L116V520
M606	410.00000	AncEutheria_sp.	SWS1	Chordata	Ancestor	AncEutheria_F86S,T93I,L116V	F86S,T93I,L116V520
M607	380.00000	AncVertebrate_sp.	SWS1	Chordata	Ancestor	AncVertebrate_F86del	F86del520
M608	408.00000	Stenobrachius_leucopsarus	SWS1	Chordata	Actinopteri	FJ443127_F86del	F86del520
M609	413.00000	Lucania_goodei	SWS1	Chordata	Actinopteri	AY296735.1_F86del	F86del520
M610	363.00000	Lepidopus_fitchi	SWS1	Chordata	Actinopteri	FJ443126_ins86F	ins86F520
M611	405.00000	AncBoreotheria_sp.	SWS1	Chordata	Ancestor	AncBoreotheria_F86Y	F86Y520
M612	353.00000	AncBoreotheria_sp.	SWS1	Chordata	Ancestor	AncBoreotheria_T93I	T93I520
M613	416.00000	AncMammal_sp.	SWS1	Chordata	Ancestor	AncMammal_F86Y	F86Y520
M614	361.00000	Notamacropus_eugenii	SWS1	Chordata	Mammalia	AY286017.1_Y86F	Y86F520
M615	364.00000	Sciurus_carolinensis	SWS1	Chordata	Mammalia	DQ302163_Y86F	Y86F520
M616	360.00000	Taeniopygia_guttata	SWS1	Chordata	Aves	AF222331.1_C86S	C86S520
M617	359.00000	Mus_musculus	SWS1	Chordata	Mammalia	NP_031564.1_S90C	S90C520
M618	359.00000	Mus_musculus	SWS1	Chordata	Mammalia	NP_031564.1_T93I	T93I520
M619	425.00000	Mus_musculus	SWS1	Chordata	Mammalia	NP_031564.1_F86Y,T93I	F86Y,T93I520
M620	416.00000	Bos_taurus	SWS1	Chordata	Mammalia	U92557.1_I93T	I93T520
M621	399.00000	Bos_taurus	SWS1	Chordata	Mammalia	U92557.1_I93T,T97S	I93T,T97S520
M622	370.00000	Bos_taurus	SWS1	Chordata	Mammalia	U92557.1_Y86F,I93T	Y86F,I93T520
M623	525.00000	Hasarius_adansoni	IV-RH	Arthropoda	Arachnida	AB251846.1_E181Q	E181Q536
M624	527.00000	Hasarius_adansoni	IV-RH	Arthropoda	Arachnida	AB251846.1_E181D	E181D536
M625	532.00000	Hasarius_adansoni	IV-RH	Arthropoda	Arachnida	AB251846.1_Y113F	Y113F536
M626	515.00000	Hasarius_adansoni	IV-RH	Arthropoda	Arachnida	AB251846.1_S186A	S186A536
M627	524.00000	Hasarius_adansoni	IV-RH	Arthropoda	Arachnida	AB251846.1_S186C	S186C536
M628	528.00000	Hasarius_adansoni	IV-RH	Arthropoda	Arachnida	AB251846.1_S186T	S186T536
M629	515.00000	Hasarius_adansoni	IV-RH	Arthropoda	Arachnida	AB251846.1_S186N	S186N536
M630	525.00000	Hasarius_adansoni	IV-RH	Arthropoda	Arachnida	AB251846.1_S186G	S186G536
M631	491.00000	AncCetacea_sp.	Rh1	Chordata	Ancestor	AncCetacea_N83D	N83D514
M632	498.00000	AncCetacea_sp.	Rh1	Chordata	Ancestor	AncCetacea_S292A	S292A514
M633	500.00000	AncCetacea_sp.	Rh1	Chordata	Ancestor	AncCetacea_N83D,S292A	N83D,S292A514
M634	500.00000	AncWhippomorpha_sp.	Rh1	Chordata	Ancestor	AncWhippomorpha_V300I	V300I514
M635	497.00000	Rhincodon_typus	Rh1	Chordata	Chondrichthyes	XM_048606470.1_A94T	A94T538
M636	481.00000	Rhincodon_typus	Rh1	Chordata	Chondrichthyes	XM_048606470.1_F187Y	F187Y538
M637	500.00000	Rhincodon_typus	Rh1	Chordata	Chondrichthyes	XM_048606470.1_A94T,F187Y	A94T,F187Y538
M638	478.00000	Rhincodon_typus	Rh1	Chordata	Chondrichthyes	XM_048606470.1_A94I	A94I538
M639	478.00000	Stegostoma_fasciatum	Rh1	Chordata	Chondrichthyes	MT625929.1_T94A,Y187F	T94A,Y187F538
M640	481.00000	Stegostoma_fasciatum	Rh1	Chordata	Chondrichthyes	MT625929.1_T94A	T94A538
M641	497.00000	Stegostoma_fasciatum	Rh1	Chordata	Chondrichthyes	MT625929.1_Y187F	Y187F538
M642	555.00000	Homo_sapiens	LWS	Chordata	Mammalia	AH005296.2_A180S,F277Y,A285T	A180S,F277Y,A285T516
M643	554.00000	Homo_sapiens	LWS	Chordata	Mammalia	AH005296.2_A180S,F277Y,A285T,P298A,F309Y	A180S,F277Y,A285T,P298A,F309Y516
M644	557.00000	Homo_sapiens	LWS	Chordata	Mammalia	AH005296.2_A180S,T230I,S233A,V236M,V274I,L275F,F277Y,F279V,A285T	A180S,T230I,S233A,V236M,V274I,L275F,F277Y,F279V,A285T516
M645	554.00000	Homo_sapiens	LWS	Chordata	Mammalia	AH005296.2_A180S,V274I,L275F,F277Y,F279V,A285T	A180S,V274I,L275F,F277Y,F279V,A285T516
M646	557.00000	Homo_sapiens	LWS	Chordata	Mammalia	AH005296.2_A180S,T230I,S233A,V236M,F277Y,A285T	A180S,T230I,S233A,V236M,F277Y,A285T516
M647	556.00000	Homo_sapiens	LWS	Chordata	Mammalia	AH005296.2_A180S,S233A,V236M,F277Y,A285T	A180S,S233A,V236M,F277Y,A285T516
M648	556.00000	Homo_sapiens	LWS	Chordata	Mammalia	AH005296.2_A180S,T230I,V236M,F277Y,A285T	A180S,T230I,V236M,F277Y,A285T516
M649	556.00000	Homo_sapiens	LWS	Chordata	Mammalia	AH005296.2_A180S,T230I,F277Y,A285T	A180S,T230I,F277Y,A285T516
M650	557.00000	Homo_sapiens	LWS	Chordata	Mammalia	AH005296.2_A180S,T230I,S233A,F277Y,A285T	A180S,T230I,S233A,F277Y,A285T516
M651	560.00000	Homo_sapiens	LWS	Chordata	Mammalia	AH005296.2_Y116S,A180S,T230I,S233A,F277Y,A285T	Y116S,A180S,T230I,S233A,F277Y,A285T516
M652	560.00000	Homo_sapiens	LWS	Chordata	Mammalia	AH005296.2_A180S,T230I,S233A,F277Y,A285T,F309Y	A180S,T230I,S233A,F277Y,A285T,F309Y516
M653	558.00000	Homo_sapiens	LWS	Chordata	Mammalia	AH005296.2_A180S,T230I,F277Y,A285T,F309Y	A180S,T230I,F277Y,A285T,F309Y516
M654	561.00000	Homo_sapiens	LWS	Chordata	Mammalia	AH005296.2_Y116S,A180S,T230I,F277Y,A285T,F309Y	Y116S,A180S,T230I,F277Y,A285T,F309Y516
M655	563.00000	Homo_sapiens	LWS	Chordata	Mammalia	AH005296.2_Y116S,A180S,T230I,S233A,F277Y,A285T,F309Y	Y116S,A180S,T230I,S233A,F277Y,A285T,F309Y516
M656	532.00000	Homo_sapiens	LWS	Chordata	Mammalia	AH005296.2_I65T	I65T516
M657	534.00000	Homo_sapiens	LWS	Chordata	Mammalia	AH005296.2_A180S	A180S516
M658	532.00000	Homo_sapiens	LWS	Chordata	Mammalia	AH005296.2_T230I	T230I516
M659	533.00000	Homo_sapiens	LWS	Chordata	Mammalia	AH005296.2_S233A	S233A516
M660	538.00000	Homo_sapiens	LWS	Chordata	Mammalia	AH005296.2_F277Y	F277Y516
M661	542.00000	Homo_sapiens	LWS	Chordata	Mammalia	AH005296.2_A285T	A285T516
M662	532.00000	Homo_sapiens	LWS	Chordata	Mammalia	AH005296.2_F309Y	F309Y516
M663	541.00000	Homo_sapiens	LWS	Chordata	Mammalia	AH005296.2_A180S,F277Y	A180S,F277Y516
M664	546.00000	Homo_sapiens	LWS	Chordata	Mammalia	AH005296.2_A180S,A285T	A180S,A285T516
M665	550.00000	Homo_sapiens	LWS	Chordata	Mammalia	AH005296.2_F277Y,A285T	F277Y,A285T516
M666	563.00000	Homo_sapiens	LWS	Chordata	Mammalia	AH005298.2_T65I	T65I516
M667	556.00000	Homo_sapiens	LWS	Chordata	Mammalia	AH005298.2_S180A	S180A516
M668	561.00000	Homo_sapiens	LWS	Chordata	Mammalia	AH005298.2_I230T	I230T516
M669	560.00000	Homo_sapiens	LWS	Chordata	Mammalia	AH005298.2_A233S	A233S516
M670	553.00000	Homo_sapiens	LWS	Chordata	Mammalia	AH005298.2_Y277F	Y277F516
M671	547.00000	Homo_sapiens	LWS	Chordata	Mammalia	AH005298.2_T285A	T285A516
M672	561.00000	Homo_sapiens	LWS	Chordata	Mammalia	AH005298.2_Y309F	Y309F516
M673	547.00000	Homo_sapiens	LWS	Chordata	Mammalia	AH005298.2_S180A,Y277F	S180A,Y277F516
M674	540.00000	Homo_sapiens	LWS	Chordata	Mammalia	AH005298.2_S180A,T285A	S180A,T285A516
M675	536.00000	Homo_sapiens	LWS	Chordata	Mammalia	AH005298.2_Y277F,T285A	Y277F,T285A516
M676	532.00000	Homo_sapiens	LWS	Chordata	Mammalia	AH005298.2_T65I,I111V,S116Y,L153M,S180A,I230T,A233S,M236V,I274V,F275L,Y277F,V279F,T285A	T65I,I111V,S116Y,L153M,S180A,I230T,A233S,M236V,I274V,F275L,Y277F,V279F,T285A516
M677	543.00000	Homo_sapiens	LWS	Chordata	Mammalia	AH005298.2_T65I,I111V,S116Y,L153M,S180A,I230T,A233S,M236V,I274V,F275L,Y277F,V279F	T65I,I111V,S116Y,L153M,S180A,I230T,A233S,M236V,I274V,F275L,Y277F,V279F516
M678	543.00000	Homo_sapiens	LWS	Chordata	Mammalia	AH005298.2_T65I,I111V,S116Y,L153M,S180A,I230T,A233S,M236V,I274V,F275L,Y277F	T65I,I111V,S116Y,L153M,S180A,I230T,A233S,M236V,I274V,F275L,Y277F516
M679	551.00000	Homo_sapiens	LWS	Chordata	Mammalia	AH005298.2_T65I,I111V,S116Y,L153M,S180A,I230T,A233S,M236V,I274V,F275L	T65I,I111V,S116Y,L153M,S180A,I230T,A233S,M236V,I274V,F275L516
M680	551.00000	Homo_sapiens	LWS	Chordata	Mammalia	AH005298.2_T65I,I111V,S116Y,L153M,S180A,I230T,A233S,M236V,I274V	T65I,I111V,S116Y,L153M,S180A,I230T,A233S,M236V,I274V516
M681	551.00000	Homo_sapiens	LWS	Chordata	Mammalia	AH005298.2_T65I,I111V,S116Y,L153M,S180A,I230T,A233S,M236V	T65I,I111V,S116Y,L153M,S180A,I230T,A233S,M236V516
M682	551.00000	Homo_sapiens	LWS	Chordata	Mammalia	AH005298.2_T65I,I111V,S116Y,L153M,S180A,I230T,A233S	T65I,I111V,S116Y,L153M,S180A,I230T,A233S516
M683	551.00000	Homo_sapiens	LWS	Chordata	Mammalia	AH005298.2_T65I,I111V,S116Y,L153M,S180A,I230T	T65I,I111V,S116Y,L153M,S180A,I230T516
M684	555.00000	Homo_sapiens	LWS	Chordata	Mammalia	AH005298.2_T65I,I111V,S116Y,L153M,S180A	T65I,I111V,S116Y,L153M,S180A516
M685	559.00000	Homo_sapiens	LWS	Chordata	Mammalia	AH005298.2_T65I,I111V,S116Y,L153M	T65I,I111V,S116Y,L153M516
M686	559.00000	Homo_sapiens	LWS	Chordata	Mammalia	AH005298.2_T65I,I111V,S116Y	T65I,I111V,S116Y516
M687	563.00000	Homo_sapiens	LWS	Chordata	Mammalia	AH005298.2_T65I,I111V	T65I,I111V516
M688	532.00000	Homo_sapiens	LWS	Chordata	Mammalia	AH005298.2_S116Y,L153M,S180A,I230T,A233S,M236V,I274V,F275L,Y277F,V279F,T285A,A298P,Y309F	S116Y,L153M,S180A,I230T,A233S,M236V,I274V,F275L,Y277F,V279F,T285A,A298P,Y309F516
M689	532.00000	Homo_sapiens	LWS	Chordata	Mammalia	AH005298.2_L153M,S180A,I230T,A233S,M236V,I274V,F275L,Y277F,V279F,T285A,A298P,Y309F	L153M,S180A,I230T,A233S,M236V,I274V,F275L,Y277F,V279F,T285A,A298P,Y309F516
M690	532.00000	Homo_sapiens	LWS	Chordata	Mammalia	AH005298.2_S180A,I230T,A233S,M236V,I274V,F275L,Y277F,V279F,T285A,A298P,Y309F	S180A,I230T,A233S,M236V,I274V,F275L,Y277F,V279F,T285A,A298P,Y309F516
M691	534.00000	Homo_sapiens	LWS	Chordata	Mammalia	AH005298.2_I230T,A233S,M236V,I274V,F275L,Y277F,V279F,T285A,A298P,Y309F	I230T,A233S,M236V,I274V,F275L,Y277F,V279F,T285A,A298P,Y309F516
M692	538.00000	Homo_sapiens	LWS	Chordata	Mammalia	AH005298.2_A233S,M236V,I274V,F275L,Y277F,V279F,T285A,A298P,Y309F	A233S,M236V,I274V,F275L,Y277F,V279F,T285A,A298P,Y309F516
M693	538.00000	Homo_sapiens	LWS	Chordata	Mammalia	AH005298.2_M236V,I274V,F275L,Y277F,V279F,T285A,A298P,Y309F	M236V,I274V,F275L,Y277F,V279F,T285A,A298P,Y309F516
M694	538.00000	Homo_sapiens	LWS	Chordata	Mammalia	AH005298.2_I274V,F275L,Y277F,V279F,T285A,A298P,Y309F	I274V,F275L,Y277F,V279F,T285A,A298P,Y309F516
M695	538.00000	Homo_sapiens	LWS	Chordata	Mammalia	AH005298.2_F275L,Y277F,V279F,T285A,A298P,Y309F	F275L,Y277F,V279F,T285A,A298P,Y309F516
M696	538.00000	Homo_sapiens	LWS	Chordata	Mammalia	AH005298.2_Y277F,V279F,T285A,A298P,Y309F	Y277F,V279F,T285A,A298P,Y309F516
M697	546.00000	Homo_sapiens	LWS	Chordata	Mammalia	AH005298.2_V279F,T285A,A298P,Y309F	V279F,T285A,A298P,Y309F516
M698	546.00000	Homo_sapiens	LWS	Chordata	Mammalia	AH005298.2_T285A,A298P,Y309F	T285A,A298P,Y309F516
M699	561.00000	Homo_sapiens	LWS	Chordata	Mammalia	AH005298.2_A298P,Y309F	A298P,Y309F516
M700	530.00000	Homo_sapiens	LWS	Chordata	Mammalia	AH005296.2_R9A,R13A	R9A,R13A539
M701	530.00000	Homo_sapiens	LWS	Chordata	Mammalia	AH005296.2_R9A	R9A539
M702	530.00000	Homo_sapiens	LWS	Chordata	Mammalia	AH005296.2_R13A	R13A539
M703	530.00000	Homo_sapiens	LWS	Chordata	Mammalia	AH005296.2_R50A	R50A539
M704	530.00000	Homo_sapiens	LWS	Chordata	Mammalia	AH005296.2_H46Y,H54S	H46Y,H54S539
M705	530.00000	Homo_sapiens	LWS	Chordata	Mammalia	AH005296.2_K80Q,H86T	K80Q,H86T539
M706	530.00000	Homo_sapiens	LWS	Chordata	Mammalia	AH005296.2_H123P	H123P539
M707	530.00000	Homo_sapiens	LWS	Chordata	Mammalia	AH005296.2_K167N	K167N539
M708	500.00000	Homo_sapiens	LWS	Chordata	Mammalia	AH005296.2_H197E,K200Q	H197E,K200Q539
M709	500.00000	Homo_sapiens	LWS	Chordata	Mammalia	AH005296.2_H197E	H197E539
M710	523.00000	Homo_sapiens	LWS	Chordata	Mammalia	AH005296.2_K200Q	K200Q539
M711	508.00000	Homo_sapiens	LWS	Chordata	Mammalia	AH005296.2_H197A	H197A539
M712	523.00000	Homo_sapiens	LWS	Chordata	Mammalia	AH005296.2_K200A	K200A539
M713	500.00000	Homo_sapiens	LWS	Chordata	Mammalia	AH005296.2_H197A,K200A	H197A,K200A539
M714	530.00000	Homo_sapiens	LWS	Chordata	Mammalia	AH005296.2_K251A,K254Q	K251A,K254Q539
M715	530.00000	Homo_sapiens	LWS	Chordata	Mammalia	AH005296.2_H300G	H300G539
M716	530.00000	Homo_sapiens	LWS	Chordata	Mammalia	AH005296.2_K339C,K340G	K339C,K340G539
M717	530.00000	Homo_sapiens	LWS	Chordata	Mammalia	AH005296.2_K352T	K352T539
M718	495.00000	Bos_taurus	Rh1	Chordata	Mammalia	NM_001014890_F115A	F115A512
M719	490.00000	Bos_taurus	Rh1	Chordata	Mammalia	NM_001014890_A117F	A117F512
M720	476.00000	Bos_taurus	Rh1	Chordata	Mammalia	NM_001014890_E122A	E122A512
M721	498.00000	Bos_taurus	Rh1	Chordata	Mammalia	NM_001014890_W126F	W126F512
M722	490.00000	Bos_taurus	Rh1	Chordata	Mammalia	NM_001014890_W126L	W126L512
M723	486.00000	Bos_taurus	Rh1	Chordata	Mammalia	NM_001014890_W126A	W126A512
M724	495.00000	Bos_taurus	Rh1	Chordata	Mammalia	NM_001014890_W161L	W161L512
M725	483.00000	Bos_taurus	Rh1	Chordata	Mammalia	NM_001014890_W265Y	W265Y512
M726	480.00000	Bos_taurus	Rh1	Chordata	Mammalia	NM_001014890_W265F	W265F512
M727	470.00000	Bos_taurus	Rh1	Chordata	Mammalia	NM_001014890_W265A	W265A512
M728	498.00000	Bos_taurus	Rh1	Chordata	Mammalia	NM_001014890_P267G	P267G512
M729	500.00000	Bos_taurus	Rh1	Chordata	Mammalia	NM_001014890_P267A	P267A512
M730	495.00000	Bos_taurus	Rh1	Chordata	Mammalia	NM_001014890_P267S	P267S512
M731	495.00000	Bos_taurus	Rh1	Chordata	Mammalia	NM_001014890_P267N	P267N512
M732	493.00000	Bos_taurus	Rh1	Chordata	Mammalia	NM_001014890_Y268F	Y268F512
M733	498.00000	Bos_taurus	Rh1	Chordata	Mammalia	NM_001014890_Y274F	Y274F512
M734	488.00000	Bos_taurus	Rh1	Chordata	Mammalia	NM_001014890_A292D	A292D512
M735	470.00000	Drosophila_melanogaster	IV-RH1	Arthropoda	Insecta	NP_524407.1_A315S	A315S513
M736	476.00000	Drosophila_melanogaster	IV-RH1	Arthropoda	Insecta	NP_524407.1_A315C	A315C513
M737	531.00000	Drosophila_melanogaster	IV-RH6	Arthropoda	Insecta	NM_079644.3_S313A	S313A513
M738	526.00000	Mus_musculus	RH2	Chordata	Mammalia	AF011389.1_S308A	S308A534
M739	506.00000	Mus_musculus	RH2	Chordata	Mammalia	AF011389.1_Y277F,T285A,S308A	Y277F,T285A,S308A534
M740	487.00000	Mus_musculus	RH2	Chordata	Mammalia	AF011389.1_Y277F,T285A	Y277F,T285A534
M741	526.00000	Homo_sapiens	LWS	Chordata	Mammalia	AH005298.2_H197Y	H197Y534
M742	508.00000	Homo_sapiens	LWS	Chordata	Mammalia	AH005298.2_H197Y,A308S	H197Y,A308S534
