,Accession,Genus,Species,%Identity_Nearest_VPOD_Sequence,prediction_value,closest_measurement,abs_diff,max_id,Protein,Gene_Description,Notes
0,DQ168661.1,Poecilia,reticulata,98.034,560.0,560.0,0.0,1274,MAEEWGKQVFAARRHEDTTRGAAFTYTNSNHTKDPFEGPNYHIAPRWVYNVSTLWMCIVVVLSDFTNGLVLVATAKFKKLRHPLNWILVNLAIADLGETVFASTISVCNQFFGYFILGHPMCVFEGYVVSTCGIAALWSLTIISWERWIVVCKPFGNVKFDAKWATAGIVFSWAWAAVWCAPPIFGWSRYWPHGLKTSCGPDVFSGSDDPGVLSYMIVLMITCCIIPLAIIILCYLAVWLAIRAVAMQQKESESTQKAEREVSRMVVVMIIAYCVCWGPYTFFACFPAANPGYAFHPLAAAMPAYFAKSATIYNPVIYVFMNRQFRTCIMQLFGKQVDDGFEVSTSKTEVSSVAPA,"Poecilia reticulata LWS_QUEm5_L06 long wave-sensitive opsin mRNA, complete cds",
1,DQ088628.1,Melanochromis,vermivorus,93.838,555.0,555.0,0.0,389,MAEEWGKQSFAARRYHEDSTRGSAFAYTNSNNTRDPFEGPNYHIAPRWIYNLATFWMFVVVVLSVFTNGLVLVATMKFKKLRHPLNWILVNLAIADLGETVFASTISVCNQFFGYFILGHPMCIFEGYVVSVCGIAALWSLTIISWERWIVVCKPFGNVKFDAKWATAGIVFSWVWSAVWCAPPMFGWSRYWPHGLKTSCGPDVFSGSEDPGVQSYMIVLMLTCCILPLAIIILCYLAVWMAIRAVAMQQKESESTQKAEREVSRMVVVMIVAYCVCWGPYTFFACFAAANPGYAFHPLAAAMPAYFAKSATIYNPIIYVFMNRQFRTCIMQLFGKQVDDGSEVSTSKTEVSSVAPA,"Melanochromis vermivorus putative red sensitive visual pigment (LWS) gene, complete cds",
2,L11865.1,Carassius,auratus,90.544,509.0,509.0,0.0,1349,MNGTEGKNFYVPMSNRTGLVRSPFEYPQYYLAEPWQFKILALYLFFLMSMGLPINGLTLVVTAQHKKLRQPLNFILVNLAVAGTIMVCFGFTVTFYTAINGYFVLGPTGCAVEGFMATLGGEVALWSLVVLAIERYIVVCKPMGSFKFSSSHAFAGIAFTWVMALACAAPPLFGWSRYIPEGMQCSCGPDYYTLNPDYNNESYVIYMFVCHFILPVAVIFFTYGRLVCTVKAAAAQQQDSASTQKAEREVTKMVILMVFGFLIAWTPYATVAAWIFFNKGADFSAKFMAIPAFFSKSSALYNPVIYVLLNKQFRNCMLTTIFCGKNPLGDDESSTVSTSKTEVSSVSPA,"Carassius auratus green cone opsin mRNA, complete cds",
3,AY745192.1,Setonix,brachyurus,86.686,538.0,538.0,0.0,1475,MTQAWDPAGFLAWRRDENEETTRASLFVYTNSNNTKGPFEGPNYHIAPRWVFNLTSLWMIFVVIASIFTNGLVLVATMKFKKLRHPLNWILVNLAVADLGETMIASTISVINQIYGYFILGHPMCVLEGYTVSLCGITGLWSLAIISWERWVVVCKPFGNVKFDAKLAMVGIVFSWVWAAVWTAPPLFGWSRYWPHGLKTSCGPDVFSGNSDPGVQSYMIVLMSTCCILPLSVILLCYIQVWLAIRAVAKQQKESESTQKAEKEVSRMVVVMILAYCFCWGPYAIFACFAAANPGYAFHPLTASLPAYFAKSATIYNPIIYVFMNRQFRTCILQLFGKKVDDGSEVSSTSRTEVSSVSSVAPA,"Setonix brachyurus long-wave sensitive opsin mRNA, complete cds",
4,MW219662.1,Myripristis,berndti,98.281,495.1,495.0,0.10000000000002274,67,MNGTEGPYFYIPMSNATGVVRSPYEYPQYYLVYPAAFAVLGAYMFFLIIFGFPVNFLTLYVTLEHKKLRTPLNYILLNLAVADLFMVIGGFTTTIYTSMHGYFVLGRLGCNLEGFSATLGGMISLWSLVVLAVERWVVVCKPMSNFRFGENHAIMGVTLTWVMGLACTVPPLVGWSRYIPEGMQCSCGIDYYTRAEGFNNESFVLYMFVCHFLVPLVVIFFCYGRLLCAVKEAAAAQQESETTQRAEREVTRMVILMVIGFLVCWLPYASVAWYIFTHQGSEFGPLFMTIPAFFAKSSSIYNPVIYICMNKQFRQCMLTTLFCGKNPFEEEEGASSTKTEASSASSSSVSPA,"Myripristis berndti rhodopsin RH1 mRNA, complete cds",
5,LC127191.1,Poecilia,reticulata,96.61,501.1,501.0,0.10000000000002274,1276,MNGTEGPYFYVPMVNTTGIVRSPYEYPQYYLVSPAAYACLGAYMFFLILVGFPINFLTLYVTIEHKKLRTPLNYILLNLAVADLFMVFGGFTTTIYTSMHGYFVLGRLGCNLEGYFATLGGEIGLWSLVVLAVERWLVVCKPISNFRFSENHAIMGLVFTWIMANSCAAPPLLGWSRYIPEGMQCSCGVDYYTRAEGFNNESFVVYMFICHFLIPLVVVFFCYGRLLCAVKEAAAAQQESETTQRAEREVTRMVVIMVIGFLVCWIPYASVAWYIFTHQGSEFGPLFMTVPAFFAKSASIYNPLIYICMNKQFRHCMITTLCCGKNPFEEEEGASTTASKTEASSVSSSSVSPA,"Poecilia reticulata rho mRNA for RH1 opsin, complete cds",
6,MW219678.1,Neoniphon,sammara,86.119,512.1,512.0,0.10000000000002274,72,MGWESGNNEPNGTEGKNFYIPMSNRTGIVRSPFEHEQYYLADPIMFKLLAFYMFFLICTGTPINGLTLVVTAQNKKLRQPLNFILVNLAVAGLIMCCFGFTITITSAVNGYFILGPTACAVEGFMATLGGEVALWSLVVLAVERYIVVCKPMGSFKFTGTHAGAGVAFTWIMALACAAPPLFGWSRYLPEGMQCSCGPDYYTLAEGYNNESYVIYMFVVHFLIPVFLIFFTYGSLVLTVKAAAAQQQDSASTQKAEKEVTRMCILMVVGFLVAWVPYASLAAWIFLNKGAAFTALNMAIPAFFAKSSALYNAVIYVLMNKQFRNCMLTTIGMGGMVEDETSVSASKTEVSSVS,"Neoniphon sammara isolate F6 rhodopsin-like RH2A-2 opsin mRNA, complete cds",
7,AF425072.1,Oncorhynchus,mykiss,85.876,497.9,498.0,0.10000000000002274,1208,MNGTEGPDFYVPMSNATGIVRNPYEYPQYYLVSPAAYSLMAAYMFFLILTGFPINFLTLYVTIEHKKLRTALNYILLNLAVADLFMVIGGFTTTMYTSMHGYFVFGRTGCNIEGFFATHGGEIALWSLVVLAIERWLVVCEPISNFRFSETHAIMGVAFTWVMAAACSVPPLLGWSRYIPEGMQCSCGIDYYTRAPDINNESFVIYMFVVHFMIPLFIISFCYGNLLCAVKAAAAAQQESETTQRAEREVTRMVIMMVVSFLVCWVPYASVAWYIFCNQGSEFGPVFMTIPAFFAKSSSLYNPLIYVLMNKQFRNCMITTLCCGKNPFEEEEGASTTASKTEASSVSSSSVAPA,"Oncorhynchus mykiss RH1 opsin mRNA, complete cds",
8,AY214145.1,Oncorhynchus,kisutch,84.874,552.9,553.0,0.10000000000002274,804,MAESWGSAAYAARRQNQDTTRESSFTFTNSNNTKDPFEGPNYHIAPRWVYNVSTLWMIIVVILSVFTNGLVLVATAKFEKLQHPLNWILVNLAIADIGETLLASTISVCNQFFGYFILGHPMCVFEGYTVSTCGIAALWSLAVISWERWVVVCKPFGSVKFDAKWAMGGIIFSWVWAAFWCAPPIFGWSRYWPHGLKTSCGPDVFGGNEDPGVKSYMITLMITCCFFPLFVIIFCYIFVWLAIRAVAQQQKDSESTRKAEKEVSRMVVVMIIAYCVCWGPYTCFACFAAANPGYAFHPLAAAIPAYFAKSATIYNPVIYVFMNKQFRTCIMQLFGKAEDDGTEVSTSKTEVSSVAPA,"Oncorhynchus kisutch LWS opsin mRNA, complete cds",
9,MN519158.1,Carcharhinus,melanopterus,81.408,506.9,507.0,0.10000000000002274,1196,MNGTEGENFYVPFSNKTGVVRSPFEYPQYYLAEPWQFSIIAAYVFLLILVGLPINLLTLVVTYKHKKLRQPLNYILVNLAVADLFMMLFGFVVTFTTAVNGYFIFGPTGCAVEGFFATLGGEVALWSLVVLAIERYIVVCKPMGNFRFGATHAFIGIGSTWILAFACAGPPLFGWSRYLPEGFQCSCGPDYYTMNPKYNNRSYVIYMFVGHFLIPVAIIFFSYGRLICKVKEAAAQQQESATTQKAEKEVTRMVVLMVIGFMTAWLPYTIAAFWIFMNQGADFSATLMTIPAFFAKSSTIYNPVIYVLMNKQFRNCMLTTLCCGKNPLGDEDSSLVSQSKTEVSSVSSNQVSPA,"Carcharhinus melanopterus isolate U16228 green-sensitive opsin mRNA, complete cds",
10,KY368274.1,Coccinella,septempunctata,77.926,520.2,520.0,0.20000000000004547,1568,MMGEPSFPWSVHRSGGFGGNLTVVDKVLPDMLHMVHPHWYQFPPMNPLWHGLLGFVIGVLGFVSVMGNGMVINIFCGAKSLRTPSNLLVVNLAFSDFLMMFTMSAPMVINCYYETWVLGPLFCELYGMFGSLFGCASIWTMTFIALDRYNVIVKGLSAKPLTKKTAMLRILLIWAMAGVWTAAPMFGWNRYVPEGNMTACGTDYLTQSWLSKSYILVYSFFVYFLPLFTIIYSYWFIVQAVAAHEKSMREQAKKMNVASLRSSEASQTSAECKLAKIALMTITLWFFAWTPYLVTNYTGIFEGAKISPLATIWCSLFAKANAVYNPIVYGISHPKYRQELQRRYPSLVCAPEPDDTTSAASGATSVGEEKQIPA,"Coccinella septempunctata long wavelength sensitive opsin mRNA, complete cds",
11,AY296736.1,Lucania,goodei,94.034,404.7,405.0,0.30000000000001137,173,MKMRVNRQEEFPDDYWIPIPLDTDNMSAYSPYLVPQDHLGSLGLFYSMSALMFFLFVAGTAINILTIACTIQYKKLRSHLNYILVNMAVANLIVSSMGSFTCFYCFAYRYMALGPLGCKIEGFTAGVGGMVSLWSLAVIAFERWLVICKPLGNFAFKSEHALFFCALTWFFALCATVPPLVGWSRYIPEGMQCSCGPDWYTTGNKFNTESYVLFLFCFCFSVPFTCIVFCYSQLLFTLKSAAKAQAESASTQKAEKEVTRMVVVMVLGFLVCYMPYASFALWIVTHRGQPFDLRLATIPSCFSKASTVYNPVIYVVLNKQFRSCMRKMLGMSGGDEEESSASQSVTEVSKVGPS,"Lucania goodei SWS2B opsin mRNA, complete cds",
12,MW219679.1,Sargocentron,diadema,98.276,491.4,491.0,0.39999999999997726,1287,MNGTEGPFFYIPMVNTTGIVRSPYEYPQYYLVNPAAYAILGAYMFFLIIVGFPVNFMTLYVTLEHKKLRTPLNYILLNLAVADLFMVIGGFTTTMYTSMHGYFVLGRLGCNLEGFFATLGGMISLWSLAVLAIERWVVVCKPISNFRFGENHAIMGVSLTWGMALACTVPPLVGWSRYIPEGMQCSCGIDYYTRAEGFNNESFVLYMFFCHFTIPLTIIFFCYGRLLCAVKEAAAAQQESETTQRAEREVTRMVIIMVIGFLVCWLPYASVAWFIFTHQGSEFGPLFMTIPAFFAKSSSIYNPMIYICMNKQFRHCMITTLFCGKNPFEGEEEGASSTKTEASSASSVSPA,"Sargocentron diadema isolate F30 rhodopsin RH1 mRNA, complete cds",
13,MK209489.1,Carollia,perspicillata,97.126,500.4,500.0,0.39999999999997726,1482,MNGTEGPNFYVPFSNKTGIVRSPFEYPQYYLAEPWQFSMLAAYMFLLIVLGFPINFLTLYVTVQHKKLRTPLNYILLNLAVADLFMVFGGFTTTLYTSLHGYFVFGPTGCNLEGFFATLGGEIALWSLVVLAIERYVVVCKPMSNFRFGENHAIMGLVFTWIMALACAAPPLAGWSRYIPEGMQCSCGIDYYTLKPEVNNESFVIYMFVVHFTIPMIIIFFCYGQLVFTVKEAAAQQQESATTQKAEKEVTRMVIIMVIAFLICWLPYASVAFYIFTHQGSDFGPIFMTLPAFFAKSSSIYNPVIYIMMNKQFRNCMLTTLCCGKNPLGDDEASTTASKTETSQVAPA,"Carollia perspicillata isolate PE070 rhodopsin (RHO) mRNA, complete cds",
14,EU329468.1,Poecilia,parae,87.921,542.5,543.0,0.5,184,MAEEWGKQVFAARRHEDTTRGSAFTYTNSNHTKDPFEGPNYHIAPRWVYNLSTLWMCIVVVLSVFTNGLVLVATAKFKKLRHPLNWILVNLAIADLGETVFASTISVCXQFFGYFILGHPMCVFEGFTVSTCGIAALWSLTIISWERWVVVCKXLGNXXXXXXXXXXXXXXXXXXXXXXXXXXXXXXXRFWPHGLKTSCGPDVFSGSDDPGVLSYMIVLMITCCFIPLAIIILCYLAVWLAIRAVAMQQKESESTQKAEREVSRMVVVMIVAYCVCWGPYTFFACFAAANPGYAFHPLAAAMPAYFAKSATIYNPIIYVFMNRQFRTCIMQLFGKQVDDGSEVSTSKTEVSSVAPA,"Micropoecilia parae isolate 1 long wave-sensitive opsin S180 gene, complete cds",
15,DQ234860.1,Poecilia,reticulata,94.068,408.6,408.0,0.6000000000000227,1277,MKMRTSRQEETPDDFWIPIPLETDNITALSPYLVPQDHLGSLGLFYSMSALMFFLFVAGTAINVLTIACTIQYKKLRSHLNYILVNMAVANLIVSSVGSFTCFYCFAFRYMALGPLGCKIEGFTASLGGMVSLWSLAVIAFERWLVICKPLGNFAFKSEHALFFCALTWFFALCAAVPPLVGWSRYIPEGMQCSCGPDWYTTGNKYNTESFVLFLFCFCFSVPFTCIVFCYSQLLFTLKSAAKAQAESASTQKAEKEVTRMVVVMVLGFLVCYMPYASFALWVVNHRGQTFDLRLATIPSCVSKASTVYNPVIYVLLNKQFRSCMRKMLGMSGGDEEESSASQSVTEVSKVGPS,"Poecilia reticulata violet/blue-sensitive opsin (SWS2B) mRNA, complete cds",
16,HQ260684.1,Poecilia,reticulata,90.0,473.6,473.0,0.6000000000000227,225,GTSINTLTIVCTMRYKKLRSHLNYILVNLALANLLVSVVGSFTTCFSFTFRYFFFGPLACKIEGFVATLGGMVSLWSLAVVAFERWLVICKPLGNVAFKPEHATARCAITWIFALTASVPPLLGWSRYIPEGLQCSCGPDWYTTNNKYNNESYVMFLFCF,"Poecilia reticulata SWS2A opsin mRNA, partial cds",
17,AY214149.1,Oncorhynchus,kisutch,73.789,445.4,446.0,0.6000000000000227,802,MNTMRSNARPVELQEGFYIPIALDTINITSLSPFLVPQDHLAGSAIFYGMSFFMFFLFVAGTAINVLTIVCTIQFKKLRSHLNYILVNLAIANLLVSMFGSSTASLSFAYRYFIMGSVACQIEGFTATLGGMVSLWSLSVVAFDRWLVICKPVGNFQFKSTHAIIGCAITWVFRLAASLPPLFGWSRYIPEGLQCSCGPDWYTTNNKYNNESYVMFLFFFCFGVPFSVIVFCYAQLLFMMKAAAAAQADSASTQKAEKEVTKMVVVMVVGFLVCWMPYASFAVWVVQNRGAPFDLRLATIPSCFSKASTVYNPLIYVFMNKLFRSCMMNLLGLKSGDDEEASSTSSVTQVSSAG,"Oncorhynchus kisutch SWS2 opsin mRNA, complete cds",
18,AY493740.1,Danio,rerio,30.556,482.4,483.0,0.6000000000000227,1233,MENETSISSGYIPHYLLRGDPFASKLSKEADIVAAFYILVIGILSATGNGYVMYMTFKRKTKLKPPEIMTLNLAIFDFGISVSGKPFFIVSSFSHRWLFGWQGCRYYGWAGFFFGCGSLITMTVVSFDRYLKICHLRYGTWLKRHHAFLSVVFIWAYAAFWATMPVVGWGNYAPEPFGTSCTLDWWLTQASVSGQSFVMCMLFFCLIFPTVIIVFSYVMIIFKVKSSAKEVSHFDTRNKNNHSLEMKLTKVAMLICAGFLIAWIPYAVVSVMSAFGEPDSVPIPVSVVPTLLAKSSAMYNPIIYQVIDCKKKCVKSCCFQAWRKKKPSKTSRFYTISGSIKQRPADEASIEI,"Danio rerio opsin 5 (opn5) mRNA, complete cds",
19,M55171.2,Mus,musculus,96.264,498.7,498.0,0.6999999999999886,1463,MNGTEGPNFYVPFSNVTGVGRSPFEQPQYYLAEPWQFSMLAAYMFLLIVLGFPINFLTLYVTVQHKKLRTPLNYILLNLAVADLFMVFGGFTTTLYTSLHGYFVFGPTGCNLEGFFATLGGEIALWSLVVLAIERYVVVCKPMSNFRFGENHAIMGVVFTWIMALACAAPPLVGWSRYIPEGMQCSCGIDYYTLKPEVNNESFVIYMFVVHFTIPMIVIFFCYGQLVFTVKEAAAQQQESATTQKAEKEVTRMVIIMVIFFLICWLPYASVAFYIFTHQGSNFGPIFMTLPAFFAKSSSIYNPVIYIMLNKQFRNCMLTTLCCGKNPLGDDDASATASKTETSQVAPA,"Mouse opsin (MOPS) gene, complete cds",
20,GQ422515.1,Melanochromis,auratus,94.783,482.7,482.0,0.6999999999999886,384,MAWDGGLEPNGTEGKNFYIPLNNKTGLVRSPFEYPQYYLADPWFFRLLAFYIFSLVITGFPINFLTLLVTAQNKKLRQPLNFILVNLAVAGLIMVIFGFTVTIFSCVNGYFALGPLSCAIEGFMATIGGQVSLWSLVVLAVERYIVVCKPMGSFKFTATHAGVGCAFTWIMALACAAPPLFGWSRYIPEGIQVSCGPDYYTLAPGYNNESYVIYMFTCHFCVPVFTIFFTYGNLVFTVKAAASQQQDSASTQKAEKEVTRMCILMVFGFLLAWTPYASFAAWIFFNRGAAFTATAMAIPAFFSKSSALFNPVIYILMNKQFRNCMLSTVGMGGMVEDETSVSTSKTEVSSVS,"Melanochromis auratus blue-green sensitive visual pigment Rh2B gene, complete cds",
21,GQ422497.1,Cynotilapia,afra,96.591,524.2,525.0,0.7999999999999545,357,MAWDGGIEPNGTEGKNFYIPMSNRTGIVRSPFEYTQYYMVDPIIYKVLAFYMFFLICTGTPINGLTLFVTAQNKKLRQPLNYILVNLAVAGLIMCCFGFTITITSALNGYFILGPTFCAIEGFMATLGGEVALWSLVVLAVERYIVVCKPMGSFKFSGAHAGAGVFFTWVMAMACAAPPLFGWSRYIPEGMQCSCGPDYYTLAPGFNNESYVIYMFVVHFFVPVFVIFFTYGSLVLTVKAAAAQQQDSASTQKAEKEVTRMCVLMVMGFLVAWTPYASFAGWIFMNKGASFTALTAALPAFFAKSSALYNPVIYVLMNKQFRNCMLSTIGMGGMVEDETSVSTSKTEVSSVS,"Cynotilapia afra green sensitive visual pigment Rh2A alpha gene, complete cds",
22,GQ422483.1,Melanochromis,auratus,96.307,524.2,525.0,0.7999999999999545,385,MAWDGGIEPNGTEGKNFYIPMSNRTGIVRSPFEYTQYYMVDPIIYKVLAFYMFFLICTGTPINGLTLFVTAQNKKLRQPLNYILVNLAVAGLIMCCFGFTITITSALNGYFILGPTFCAIEGFMATLGGEVALWSLVVLAVERYIVVCKPMGSFKFSGAHAGAGVFFTWVMAMACAAPPLFGWSRYIPEGMQCSCGPDYYTLAPGFNNESYVIYMFVVHFFIPVFVIFFTYGSLVMTVKAAAAQQQDSASTQKAEKEVTRMCVLMVMGFLIAWTPYASFAGWIFMNKGASFTALTAALPAFFAKSSALYNPVIYVLMNKQFRNCMLSTIGMGGMVEDETSVSTSKTEVSSVS,"Melanochromis auratus green sensitive visual pigment Rh2A alpha gene, complete cds",
23,AY775118.1,Cynotilapia,afra,98.023,496.8,496.0,0.8000000000000114,354,MNGTEGPFFYVPMVNTTGIVRSPYEYPQHYLVSPAAYAALGAYMFFLILVGFPINFLTLYVTIEHKKLRTPLNYILLNLAVADLFMVFGGFTTTVYTSMHGYFVLGRLGCNLEGFFATLGGEIGLWSLVVLAIERWLVVCKPISNFRFGENHAIMGLAFTWVAALSCAAPPLVGWSRYIPEGMQCSCGVDYYTRAEGFNNESFVIYMFICHFTIPLTVVFFCYGRLLCAVKEAAAAQQESETTQRAEREVTRMVIMMVISFLVCWLPYAGVAWYIFTHQGSEFGPVFMTLPAFFAKGAAIYNPIIYICMNKQFRHCMITTLCCGKNPFEEEEGASSTASKTEASSVSSSSVSPA,"Cynotilapia afra rod opsin (RH1) gene, complete cds",
24,AY775115.1,Melanochromis,auratus,97.74,497.8,497.0,0.8000000000000114,382,MNGTEGPFFYVPMVNTTGIVRSPYEYPQHYLVSPAAYAALGAYMFFLILVGFPINFLTLYVTIEHKKLRTPLNYILLNLAVADLFMVFGGFTTTVYTSMHGYFVLGRLGCNLEGFFATLGGEIGLWSLVVLAVERWLVVCKPISNFRFGENHAIMGLAFTWVAALSCAAPPLVGWSRYIPEGMQCSCGVDYYTRAEGFNNESFVIYMFICHFTIPLTVVFFCYGRLLCAVKEAAAAQQESETTQRAEREVTRMVIMMVISFLVCWLPYAGVAWYIFTHQGSEFGPVFMTLPAFFAKGASIYNPIIYICMNKQFRHCMITTLCCGKNPFEEEEGASSTASKTEASSVSSSSVSPA,"Melanochromis auratus rod opsin (RH1) gene, complete cds",
25,AY775065.1,Copadichromis,borleyi,95.157,423.2,424.0,0.8000000000000114,346,MRGNRPTEFPDDFWIPIPLDTNNITAFSPYLVPQDHLGSPMIFYSMSAFMFFLWVAGTIINVLTIACTVQYKKLRSHLNYILVNLAVANLLVSSVGSFTCFICFAFKYMFPGPIACKIEGFTATLGGMVSLWSLAVVAFERWLVVCKPLGNFAFKSSHAIACCGLTWVCGLSAALPPLFGWSRYIPEGMQCSCSPDWYTTGNKFNNESYVMFLFCFCFAVPFSTIVFCYSQLLFMLKAAVKAQAESASTQKAEKEVTRMVVIMVLGFLVCWMPYASFAFWVVNNRGQPFDLRLATIPSCFSKASTVYNPVIYILLNKQFRSCIRQMLGMSGGDDEESSSQSTTEVSKVAPA,"Copadichromis borleyi short wavelength sensitive 2b (SWS2b) mRNA, complete cds",
26,JX867522.1,Microcebus,murinus,88.539,408.2,409.0,0.8000000000000114,1354,MSKMSGEEEFYLFKNLSSVGPWDGPQYHIAPVWTFYLQAVFMGFVFFAGTPLNVMVLVATLRYKKLRQPLNYILVNLSFGGFLSCIFSVLPVFIASCRGYFLFGRHVCALEGFLGCAAGLVIGWSLAFLAFERYVVICKPFGNFRFSSRHALMVVLATWAIGIGVSIPPFFGWSRFIPEGLQCSCGPDWYTVGTKYRSEYYTWFLFLFCFIVPLSLICFSYSQLLQALRAVAAQQQESATTQKAEREVSRMVVVMVGSFCLCYVPYAALAMYIVNNRNHGLDLRXVTIPAFFSKSACVYNPIIYCFMNKQFQACIMEMVCGKAMTDESDTSSSQKTEISTFSSSQVGPK,"Microcebus murinus isolate MOR100 short-wavelength-sensitive opsin protein (SWS1) gene, complete cds",
27,AH009854.2,Mus,musculus,98.329,511.1,512.0,0.8999999999999773,1462,MAQRLTGEQTLDHYEDSTHASIFTYTNSNSTKGPFEGPNYHIAPRWVYHLTSTWMILVVVASVFTNGLVLAATMRFKKLRHPLNWILVNLAVADLAETIIASTISVVNQIYGYFVLGHPLCVIEGYIVSLCGITGLWSLAIISWERWLVVCKPFGNVRFDAKLATVGIVFSWVWAAIWTAPPIFGWSRYWPYGLKTSCGPDVFSGTSYPGVQSYMMVLMVTCCIFPLSIIVLCYLQVWLAIRAVAKQQKESESTQKAEKEVTRMVVVMVFAYCLCWGPYTFFACFATAHPGYAFHPLVASLPSYFAKSATIYNPIIYVFMNRQFRNCILHLFGKKVDDSSELSSTSKTEVSSVSSVSPA,"Mus musculus strain B10 green opsin gene, complete cds",
28,GQ422516.1,Aulonocara,hueseri,93.913,483.1,484.0,0.8999999999999773,343,MAWDGGLEPNGTEGKNFYIPLNNKTGLVRSPFEYPQYYLADPWFFRXLAFYIFCLVITGFPINFLTLLVTAQNKKLRQPLNFILVNLAVAGLIMXIFGFTVTIFSCVNGYFALGPLSCAIEGFMATVGGQVSLWSLVVLAVERYIVVCKPMGSFKFTATHAGVGCAFTWIMALACAAPPLFGWSRYIPEGIQVSCGPDYYTLAPGYNNESYVIYMFTCHFCFPVFTIFFTYGNLVFTVKAAAAQQQDSASTQKAEKEVTRMCILMVFGFLLAWTPYASFAAWIFFNRGAAFTATAMAIPAFFSKSSALFNPXIYILMNKQFRNCMLSTVGMGGMVEDETSVSTSKTEVSSVS,"Aulonocara hueseri blue-green sensitive visual pigment Rh2B gene, complete cds",
29,MW681815.1,Lutjanus,erythropterus,92.373,495.1,496.0,0.8999999999999773,532,MNGTEGPFFYVPMLNTTGIVRSPYEYPQYYLVNPAAYAALGAYMFLLILLGFPINFLTLYVTMEHKKLRTPLNYILLNLAVANLFMVFGGFTTTMYTSMHGYFVLGRLGCNLEGYFATLGGEISLWSLVVLAIERWMVVCKPISNFRFGENHAIMGLAFTWFMANACAVPPLVGWSRYIPEGMQCSCGVDYYTRAEGFNNESFVIYMFICHFSIPLTVVFFCYGRLLCAVKEAAAAQQESETTQRAEREVTRMVVIMVIGFLVCWLPYAGVAWWIFTHQGSEFGPVFMTLPAFFAKSSAIYNPMIYICMNKQFRHCMITTLCCGKNPFEEEEGASTASKTEASSASSSSVSPA,"Lutjanus erythropterus rh1 mRNA, complete cds",
30,HQ260690.1,Poecilia,reticulata,97.797,534.0,533.0,1.0,1279,LVLVATAKFKKLRHPLNWILVNLAIADLGETVFASTISVCNQFFGYFILGHPMCVFEGYVVSTCGIAALWSLTIISWERWIVVCKPFGNVKFDAKWATAGIVFSWVWAAVWCAPPIFGWSRYWPHGLKTSCGPDVFSGSDDPGVLSYMIVLMITCCIIPLAIIILGYLAVWLAIRAVAMHQKESESTQKAEREVSRMVVVMIIAYCVCWGPYTFFACFAAANPGYAF,"Poecilia reticulata LWS A180 opsin mRNA, partial cds",
31,EF457995.1,Cavia,porcellus,94.828,498.0,499.0,1.0,1350,MNGTEGENFYIPFSNATGVVRSPFEYPQYYLAEPWQFSILAAYMFMLIVLGFPINFLTLYVTVQHKKLRTPLNYILLNLAVANLFMVLGGFTTTLYTSMNGYFVFGPTGCNLEGFFATLGGEIALWSLVVLAIERYVVVCKPMSNFRFGENHAIMGVVFTWIMALACAAPPLVGWSRYIPEGMQCSCGIDYYTLKPEVNNESFVIYMFVVHFTIPMIIIFFCYGQLVFTVKEAAAQQQESATTQKAEKEVTRMVIIMVIAFLICWVPYASVAAYIFTHQGSNFGPIFMTVPAFFAKSSSIYNPVIYIMMNKQFRNCMLTTICCGKNPLGDDEASTTVSKTETSQVAPA,"Cavia porcellus rhodopsin (Rho) mRNA, complete cds",
32,AY775092.1,Lethrinops,parvidens,96.591,512.9,514.0,1.1000000000000227,380,MAWEGGIEPNGTEGKNFYIPMSNRTGIVRSPFEYTQYYLADPIFFKLLAFYMFFLICTGTPINSLTLFVTAQNKKLRQPLNYILVNLAVAGLIMCCFGFTITITSAFNGYFILGPTFCAIEGFMATLGGEVALWSLVVLAVERYIVVCKPMGSFKFSGAHAGAGVLFTWIMAMACAAPPLFGWSRYIPEGMQCSCGPDYYTLAPGFNNESYVMYMFAVHFFVPVFIIFFTYGSLVMTVKAAAAQQQDSASTQKAEKEVTRMCVLMVMGFLIAWTPYASFAGWIFMNKGASFSALTAAIPAFFAKSSALYNPVIYVLMNKQFRNCMLSTIGMGGMVEDETSVSTSKTEVSSVS,"Lethrinops parvidens cone opsin (RH2) gene, complete cds",
33,BC067683.1,Danio,rerio,87.202,359.7,361.0,1.3000000000000114,1231,MDAWAVQFGNASKVSPFEGEQYHIAPKWAFYLQAAFMGFVFIVGTPMNGIVLFVTMKYKKLRQPLNYILVNISLAGFIFDTFSVSQVFVCAARGYYFLGYTLCAMEAAMGSIAGLVTGWSLAVLAFERYVVICKPFGSFKFGQGQAVGAVVFTWIIGTACATPPFFGWSRYIPEGLGTACGPDWYTKSEEYNSESYTYFLLVTCFMMPMTIIIFSYSQLLGALRAVASQQAESESTQKAEREVSRMVVVMVGSFVLCYAPYAVTAMYFANSDEPNKDYRLVAIPAFFSKSSCVYNPLIYAFMNKQFNACIMETVFGKKIDESSEVSSKTETSSVSA,"Danio rerio opsin 1 (cone pigments), short-wave-sensitive 1, mRNA (cDNA clone MGC:85903 IMAGE:6972144), complete cds",
34,AY214148.1,Oncorhynchus,kisutch,80.24,381.3,380.0,1.3000000000000114,1220,MGKNFHLYENISKVSPFEGPQYHLAPIWAFYLQTAFMGFVFFAGTPLNLIILVVTVKYKKLRQPLNYILVNVSLAGFIFVTFSVSQVFVSSAGGYYFLGYTLCAMEACMGSIAGLVSAWSLAVLAFERYVVICKPFGTFKFDNNQALAAVGFTWVMGIGCATPPFFGWSRYIPEGLGCSCGPDWYTNNEEYHCASYTKFLIVTCFLMPMSIIFFSYSQLLGALRAVAAAQAESASTQKAEKEVSRMVIVMVCSFILCYGPYALAGLYFAYTTSENKDYRLVTIPAFFSKSSCVYNPLIYAFMNKQFNACIMETVFGKQIEETSVSASKTEVSTA,"Oncorhynchus kisutch SWS1 opsin mRNA, complete cds",
35,AY775116.1,Lethrinops,parvidens,97.74,499.4,498.0,1.3999999999999773,378,MNGTEGPFFYVPMVNTTGIVRSPYEYPQHYLVSPAAYAALGAYMFFLILVGFPINFLTLYVTIEHKKLRTPLNYILLNLAVADLFMVFGGFTTTVYTSMHGYFVLGRLGCNLEGFFATLGGEIGLWSLVVLAIERWLVVCKPISNFRFGENHAIMGLAFTWVAALACAAPPLVGWSRYIPEGMQCSCGVDYYTRAEGFNNESFVIYMFICHFIIPLXVVFFCYGRLLCAVKEAAAAQQESETTQRAEREVTRMVIMMVISFLVCWLPYAGVAWYIFTHQGSEFGPVFMTLPAFFAKSSSIYNPIIYICMNKQFRHCMITTLCCGKNPFEEEEGASSTASKTEASSVSSSSVSPA,"Lethrinops parvidens rod opsin (RH1) gene, complete cds",
36,AY775059.1,Dimidiochromis,compressiceps,98.023,499.5,498.0,1.5,358,MNGTEGPFFYVPMVNTTGIVRSPYEYPQHYLVSPAAYAALGAYMFFLILVGFPINFLTLYVTIEHKKLRTPLNYILLNLAVADLFMVFGGFTTTVYTSMHGYFVLGRLGCNLEGFFATLGGEIGLWSLVVLAIERWLVVCKPISNFRFGENHAIMGLAFTWVAALACAAPPLVGWSRYIPEGMQCSCGVDYYTRAEGFNNESFVIYMFICHFIIPLTVVFFCYGRLLCAVKEAAAAQQESETTQRAEREVTRMVIMMVISFLVCWLPYAGVAWYIFTHQGSEFGPVFMTLPAFFAKSSSIYNPIIYICMNKQFRHCMITTLCCGKNPFEEEEGASSTASKTEASSVSSSSVSPA,"Dimidiochromis compressiceps rod opsin (RH1) mRNA, complete cds",
37,MW219676.1,Neoniphon,sammara,85.755,447.5,446.0,1.5,71,MRPNRGEELPEDFWIPISLDTNNITSLSPFLVPQDHLGGTVTFYAMAVLMLFLFVGGTIINGLTIACTVQYKKLRSHLNYILVNLAVANLLVASVGSFTAFCSFSSRYFIFGPLACKIEGFLATLGGMVSLWSLAVVAFERWLVICKPLGNFAFKPDHALACCAFTWIFALIASVPPLVGWSRYIPEGLQCSCGPDWYTTNNKYNNESYVMFLFCFCFAVPFTTIIFCYAQLLITLKMAAKAQADSASTQKAEREVTRMVVVMVLGFLVCWMPYTSFALWVVNNRGQTFDLRLATIPSCLSKGSTVYNPVIYILLNKQFRSCMLKMLGMGGGEEDESTSQVTEVSKVGPA,"Neoniphon sammara isolate F3 short wavelength sensitive SWS2A opsin mRNA, complete cds",
38,AY775112.1,Aulonocara,hueseri,98.023,497.6,496.0,1.6000000000000227,341,MNGTEGPFFYVPMVNTTGIVRSPYEYPQHYLVSPAAYAALGAYMFFLILVGFPINFLTLYVTIEHKKLRTPLNYILLNLAVADLFMVFGGFTTTVYTSMHGYFVLGRLGCNLEGFFATLGGEIGLWSLVVLAIERWLVVCKPISNFRFGENHAIMGLAFTWVAALSCAAPPLVGWSRYIPEGMQCSCGVDYYTRAEGFNNESFVIYMFICHFTIPLTVVFFCYGRLLCAVKEAAAAQQESETTQRAEREVTRMVIMMVISFLVCWLPYAGVAWYIFTHQGSEFGPVFMTLPAFFAKGASIYNPIIYICMNKQFRHCMITTLCCGKNPFEEEEGASSTASKTEASSVSSSSVSPA,"Aulonocara hueseri rod opsin (RH1) gene, complete cds",
39,GQ452103.1,Mylochromis,lateristriga,95.455,483.6,482.0,1.6000000000000227,415,MAWDGGLEPNGTEGKNFYIPLNNKTGLVRSPFEYPQYYLADPWFFKLLAFYIFCLVITGFPINFLTLLVTAQNKKLRQPLNFILVNLAVAGLIMVIFGFTVTIFSCVNGYFALGPLSCAIEGFMATVGGQVALWSLVVLAVERYIVVCKPMGSFKFTATHAGVGCAFTWIMALACAAPPLFGWSRYIPEGIQVSCGPDYYTLAPGYNNESYVIYMFTCHFCVPVFTIFFTYGNLVFTVKAAASQQQDSASTQKAEKEVTRMCILMVFGFLLAWTPYASFAAWIFFNRGAAFTATAMAIPAFFSKSSALFNPIIYILMNKQFRNCMLSTVGMGGMVEDETSVSTSKTEVSSVS,"Maravichromis lateristriga blue-green sensitive visual pigment Rh2B gene, complete cds",
40,MW219673.1,Myripristis,violacea,83.478,500.6,499.0,1.6000000000000227,1291,MENGTEGNNFYIPMNNRTGIVRSPFEYPQYYLADPWQFKVLAVYMFFLICFGFPINALTLVVTAQNKKLRQPLNFILVNLAVAGLFMVLFGFTITITSALNGYFVFGPLGCAVEGFMATLGGEVALWSLVVLAVERYVVVCKPMGSFKFTAAHAGAGVAFTWIMALACAAPPLVGWSRYIPEGMQCSCGPDYYTLAPGFNNESYVIYMFVCHFIIPVITIFFTYGSLVLTVKAAAAQQQESASTQKAEKEVTRMCILMVIGFLVAWTPYASFAAWIFLNKGAAFTAQSMAIPAFFSKSSALFNPIVYVLMNKQFRNCMLTTIGMGGMVEDESSVSASKTEVSTAA,"Myripristis violacea isolate F5 rhodopsin-like RH2B-1 opsin mRNA, complete cds",
41,MT663560.1,Lucania,goodei,94.328,357.3,359.0,1.6999999999999886,172,MGKHFHLYENISKVDPFEGPQYYLAPSWAFHLQALFMGFVFFTGTPLNFLVLLATAKYKKLRAPLNYILVNISFAGFIFVTFSVSQVFVSSARGYYFLGYTLCALEAAMGAVAGLVTSWSLAVLSFERYLVICKPFGAFKFGSSHAAGAVVFTWFMGVGCSSPPFFGWSRYIPEGLGCSCGPDWYTNDQELGTTSYMYFLLITCFCMPLSIIIFSYSQLLGALRAVAAQQAESASTQKAEKEVSRMIVVMVGSFVTCYAPYALTGLWFANSPEVNKDYRLVTIPAFFSKSSCVYNPLIYAFMNKQFNACIMEMVFGKKMEEASEVSSKTEVSTAS,"Lucania goodei short wavelength sensitive 1 (SWS1) gene, complete cds",
42,AY660538.1,Haplochromis,burtoni,81.481,453.3,455.0,1.6999999999999886,363,MKGKRDMELPEDFWIPVSLDTNNITSLSPFLVPQDHLGDTATFYAMAVFMLFIFIFGTFINALTIACTIQYKKLRSHLNYILLNLAAANLLVSTVGSFTACCTFSFRYFIFGALACKIEGFMVTLGGMVSLWSLAVIAFERWLVICKPLGNFVFKPDHAIACCAFTWFFAVFASAPPLFGWSRYIPEGLQCSCGPDWYTTNNKYNNESYVMFLFCFCFAVPLTTIIFCYSQLLITLKMAAKAQAESASTQKAEREVTRMVVIMVLGFLVCWMPYASFALWVVNNRGQSFDLRFATIPSCFSKASAVYNPVIYVVFNKQFRTCMLAMMGMGGGEEESSTTQSVTEVSKVGPA,"Astatotilapia burtoni putative blue-sensitive opsin mRNA, complete cds",
43,DQ088638.1,Tramitichromis,intermedius,81.481,453.3,455.0,1.6999999999999886,452,MKGKRDMELPEDFWIPVSLDTNNITSLSPFLVPQDHLGDTATFYAMAVFMLFIFIFGTFINALTIACTIQYKKLRSHLNYILLNLAAANLLVSTVGSFTACCTFSFRYFIFGALACKIEGFMVTLGGMVSLWSLAVIAFERWLVICKPLGNFIFKPDHAIACCAFTWFFAVFASAPPLFGWSRYIPEGLQCSCGPDWYTTNNKYNNESYVMFLFCFCFAVPLTTIIFCYSQLLITLKMAAKAQAESASTQKAEREVTRMVVIMVLGFLVCWMPYASFALWVVNNRGQSFDLRFATIPSCFSKASAVYNPVIYVVFNKQFRTCMLAMMGMGGGEEESSTTQSVTEVSKVGPA,"Tramitichromis intermedius putative blue sensitive visual pigment (SWS2a) gene, complete cds",
44,AB748987.1,Poecilia,reticulata,98.596,539.3,541.0,1.7000000000000455,1273,MAEEWGKQVFAARRHEDTTRGAAFTYTNSNHTRDPFEGPNYHIAPRWVYNLSTLWMCIVVVLSVFTNGLVLVATAKFKKLRHPLNWILVNLAIADLGETVFASTISVCNQFFGYFILGHPMCVFEGYVVSTCGIAALWSLTIISWERWIVVCKPFGNVKFDAKWATGGIVFSWVWSAAWCAPPIFGWSRFWPHGLKTSCGPDVFSGSDDPGVLSYMIVLMITCCIIPLGIIILCYLAVWLAIHAVAMQQKESESTQKAEREVSRMVVVMIIAYCVCWGPYTFFACFAAANPGYAFHPLAAAMPAYFAKSATIYNPVIYVFMNRQFRTCIMQLFGKQVDDGSEVSTSKTEVSSVAPA,"Poecilia reticulata LWS-3 gene for long wave sensitive-3 opsin, complete cds",
45,GQ422487.1,Pundamilia,azurea,97.159,524.3,526.0,1.7000000000000455,434,MAWDGGIEPNGTEGKNFYIPMSNRTGIVRSPFEYTQYYMVDPIIYKVLAFYMFFLICTGTPINGLTLFVTAQNKKLRQPLNYILVNLAVAGLIMCCFGFTITITSALNGYFILGPTFCAIEGFMATLGGEVALWSLVVLAVERYIVVCKPMGSFKFSGAHAGAGVFFTWVMAMACAAPPLFGWSRYIPEGMQCSCGPDYYTLAPGFNNESYVIYMFVVHFFVPVFIIFFTYGSLVMTVKAAAAQQQDSASTQKAEKEVTRMCVLMVMGFLVAWTPYASFAGWIFMNKGASFTALTAALPAFFAKSSALYNPVIYVLMNKQFRNCMLSTIGMGGMVEDETSVSTSKTEVSSVS,"Pundamilia azurea green sensitive visual pigment Rh2A alpha gene, complete cds",
46,JF262085.1,Maylandia,zebra,95.224,366.2,368.0,1.8000000000000114,392,MGKHFHLYENISKISPFEGPQYYLAPVWAFYLQAAFMGFVFFAGTPLNFIVLVATMKYKKLRVPLNFILVNISFSGFIFVTFSVSQVFLASMRGYYFLGHTLCALESAVGSVAGLVTAWSLAVLSFERYLVICKPFGAFKFGSNHALAAVAFTWFMGIGCACPPFFGWSRYIPEGLGCSCGPDWYTHNEQYNTTSYTHFLMVTCFIIPLSIIIFCYSQLLGALRAVAAQQAESASTQKAEKEVSRMIIVMVGSFVTCYGPYALAALYFAYSTDENKDYRLVTIPAFFSKSACVYNPLIYVFMNKQFNGCIMEMVFGKTMDESSEVSTKTEVSTAS,"Maylandia zebra clone BAC Mz042C6 SWS1 opsin gene, complete cds",
47,KT008392.1,Danio,rerio,92.938,499.2,501.0,1.8000000000000114,1235,MNGTEGPAFYVPMSNATGVVRSPYEYPQYYLVAPWAYGLLAAYMFFLIITGFPVNFLTLYVTIEHKKLRTPLNYILLNLAIADLFMVFGGFTTTMYTSLHGYFVFGRLGCNLEGFFATLGGEMGLWSLVVLAIERWMVVCKPVSNFRFGENHAIMGVAFTWVMACSCAVPPLVGWSRYIPEGMQCSCGVDYYTRTPGVNNESFVIYMFIVHFFIPLIVIFFCYGRLVCTVKEAAAQQQESETTQRAEREVTRMVIIMVIAFLICWLPYAGVAWYIFTHQGSEFGPVFMTLPAFFAKTSAVYNPCIYICMNKQFRHCMITTLCCGKNPFEEEEGASTTASKTEASSVSSSSVSPA,"Danio rerio rhodopsin-like-1.1 rod opsin (rh1.1) mRNA, complete cds",
48,AY771353.1,Pagothenia,borchgrevinki,83.478,490.8,489.0,1.8000000000000114,579,METNGTEGNNFYIPMSNRTGIVRSPYEYQQYYLADPIMFKLLAFYMVFLIFTGTPINALTLLVTIQNKKLQTPLNLILVNLAVAGLVMCAFGFTITFISSISGYFILGPTFCAMEGFMATLGGQVSLWSLVVLAVERYIVVCKPMGSFKFSNTHAGIGVGITWLMAIACAAPPLFGWSRYLPEGLQCSCGPDYYTLAPGFNNESYVMYLFVVHFFTPGFLIFFSYGSLVLTVKAAAAQQQESESTQKAEREVTRMCILMVFGFLLAWVPYASFAAWIFMNKGAAFTALTAAIPAFFAKSSALYNPVIYVLLNKQFRNCMLSTVGMGGMVEDETSVSASKTEVSSVS,"Pagothenia borchgrevinki green-sensitive pigment (RH2) mRNA, complete cds",
49,AY673764.1,Pundamilia,azurea,81.481,453.1,455.0,1.8999999999999773,433,MKGKRDMELPEDFWIPVSLDTNNITSLSPFLVPQDHLGDTATFYAMAVFMLFVFIFGTFINALTIACTIQYKKLRSHLNYILLNLAAANLLVSTVGSFTACCTFSFRYFIFGALACKIEGFMVTLGGMVSLWSLAVIAFERWLVICKPLGNFIFKPDHAIACCAFTWFFAVFASAPPLFGWSRYIPEGLQCSCGPDWYTTNNKYNNESYVMFLFCFCFAVPLTTIIFCYSQLLITLKMAAKAQAESASTQKAEREVTRMVVIMVLGFLVCWMPYASFALWVVNNRGQSFDLRFATIPSCFSKASAVYNPVIYVVFNKQFRTCMLAMMGMGGGEEESSTTQSVTEVSKVGPA,"Pundamilia azurea isolate MSP #6 putative blue sensitive visual pigment (SWS2a) gene, complete cds",
50,AY673761.1,Pundamilia,pundamilia,81.481,453.1,455.0,1.8999999999999773,447,MKGKRDMELPEDFWIPVSLDTNNITSLSPFLVPQDHLGDTATFYAMAVFMLFVFIFGTFINALTIACTIQYKKLRSHLNYILLNLAAANLLVSTVGSFTACCTFSFRYFIFGALACKIEGFMVTLGGMVSLWSLAVIAFERWLVICKPLGNFIFKPDHAIACCAFTWFFAVFASAPPLFGWSRYIPEGLQCSCGPDWYTTNNKYNNESYVMFLFCFCFAVPLTTIIFCYSQLLITLKMAAKAQAESASTQKAEREVTRMVVIMVLGFLVCWMPYASFALWVVNNRGQSFDLRFATIPSCFSKASAVYNPVIYVVFNKQFRTCMLAMMGMGGGEEESSTTQSVTEVSKVGPA,"Pundamilia pundamilia isolate MSP #9 putative blue sensitive visual pigment (SWS2a) gene, complete cds",
51,AF425074.1,Oncorhynchus,mykiss,80.24,384.0,386.0,2.0,1207,MGKDFHLYENISKVSPFEGPQYHLAPIWAFYLQTAFMGFVFFAGTPLNFIILVVTVKYKKLRQPLNYILVNVSLAGFIFVTFSVSQVFVSSARGYYFLGYTLCAMEACMGSIAGLVSAWSLAVLAFERYVVICKPFGTFKFDNNQALAAVGFTWVMGIGCATPPFFGWSRYIPEGLGCSCGPDWYTNNEEYHCASYTKFLIVTCFLMPMSIIFFSYSQLLGALRAVAAAQAESASTQKAEKEVSRMVIVMVCSFILCYGPYALAGLYFAYTTSENKDYRLVTIPAFFPKSSCVYNPLIYAFMNKQFNACIMETVLGKQIEETSVSASKTEVSTA,"Oncorhynchus mykiss SWS1 opsin mRNA, complete cds",
52,MW219687.1,Sargocentron,spiniferum,99.424,492.1,490.0,2.1000000000000227,1289,MNGTEGPDFYIPMVNTTGVVRSPYEYPQYYLVNPAAYAVLGAYMFFLIIVGFPINFLTLYVTLEHKKLRTPLNYILLNLAVADLFMVIGGFTTTMYSSMHGYFVLGRLGCNIEGFFATLGGMISLWSLAVLAIERWVVVCKPISNFRFGENHAIMGVSLTWVMALACTVPPLVGWSRYIPEGMQCACGIDYYTRAEGYNNESFVIYMFTFHFLFPMFIIFFCYGRLLCAVKEAAAAQQESETTQRAEREVTRMVILMVIGYLVCWLPYASVAWFIFTHKGSEFGPLFMAVPSFFAKSSSIYNPIIYICMNKQFRQCMITTLFCGKNPFEGQEEDSSTKTEASSASSVSPA,"Sargocentron spiniferum isolate F2 rhodopsin RH1 mRNA, complete cds",
53,AF190671.2,Mus,musculus,95.376,362.1,360.0,2.1000000000000227,1461,MSGEDDFYLFQNISSVGPWDGPQYHLAPVWAFRLQAAFMGFVFFVGTPLNAIVLVATLHYKKLRQPLNYILVNVSLGGFLFCIFSVFTVFIASCHGYFLFGRHVCALEAFLGSVAGLVTGWSLAFLAFERYVVICKPFGSIRFNSKHALMVVLATWIIGIGVSIPPFFGWSRFIPEGLQCSCGPDWYTVGTKYRSEYYTWFLFIFCFIIPLSLICFSYSQLLRTLRAVAAQQQESATTQKAEREVSHMVVVMVGSFCLCYVPYAALAMYMVNNRNHGLDLRLVTIPAFFSKSSCVYNPIIYCFMNKQFRACILEMVCRKPMADESDVSGSQKTEVSTVSSSKVGPH,"Mus musculus blue opsin gene, complete cds",
54,LC127183.1,Poecilia,reticulata,89.888,522.9,525.0,2.1000000000000227,1272,MSDDWRKQPFAARRHNEDTTRGSVFTYTNSNQTRDPFEGPNYHIAPRWVYDVATVWMCIVVVLSVFTNGLVLVATAKFKKLRHPLNWILVNLAIADLGETVFASTISVCNQFFGYFILGHPMCVFEGYVVSICGIAGLWSLTIISWERWIVVCKPFGKVKFDAKWATAGILFSWVWPAVWCAPPIFGWSRYWPHGLKTSCGPDVFSGSEDPGVQSYMIVLVITCCIIPLSIIILCYLAVWLAIRAVAMQQLDSESTQKAEREVSRMVIVMILAFCLCWGPYATFACFAAANPGYAFHPVAAAMPAYFAKSATIYNPVIYVFMNRQFRTCIMRLFGKQMDDDSEVSTSKTEVSSVAPE,"Poecilia reticulata Opn1lw-2 mRNA for LWS-2 opsin, complete cds",
55,JF823560.1,Poecilia,mexicana,89.607,534.9,537.0,2.1000000000000227,197,MAEDWGKQAFAPWKNNEETTRGFAFTYTNSNHTRDPFEGPNYHIAPRWVYNITTVWMCFVVVLSVFTNGLVLVATARFKKLRHPLNWILVNLAIADLGETVFASTISVCNQFFGYFILGHPMCVFEGYVVSTCGIAALWSLTVISWERWIVVCKPFGNTKFDAKWATAGIVFSWVWSAVWCAPPVFGWSRYWPHGLKTSCGPDVFSGSEDPDVKSYMIVLMITCCVTPLAVIVLCYLAVWLAIRDIAMQQKECESTQNAQKEVSRMVVVMILAFCVCWGPYAFFACFAAANPGYAFHPLAAAIPAYFAKSATIYNPVIYVFMNRQFRTCIMRLFGKEVDDGSEVSTSKTEVSSVAPE,"Poecilia mexicana opsin locus R long-wave sensitive opsin (LWS) gene, complete cds",
56,AY673763.1,Pundamilia,nyererei,81.481,453.1,451.0,2.1000000000000227,437,MKGKRDMELPEDFWIPVSLDTNNITSLSPFLVPQDHLGDTATFYAMAVFMLFVFIFGTFINALTIACTIQYKKLRSHLNYILLNLAAANLLVSTVGSFTACCTFSFRYFIFGALACKIEGFMVTLGGMVSLWSLAVIAFERWLVICKPLGNFIFKPDHAIACCAFTWFFAVFASAPPLFGWSRYIPEGLQCSCGPDWYTTNNKYNNESYVMFLFCFCFAVPLTTIIFCYSQLLITLKMAAKAQAESASTQKAEREVTRMVVIMVLGFLVCWMPYASFALWVVNNRGQSFDLRFATIPSCFSKASAVYNPVIYVVFNKQFRTCMLAMMGMGGGEEESSTTQSVTEVSKVGPA,"Pundamilia nyererei isolate MSP #8 putative blue sensitive visual pigment (SWS2a) gene, complete cds",
57,AY660539.1,Haplochromis,burtoni,96.591,520.7,523.0,2.2999999999999545,364,MAWEGGIEPNGTEGKNFYIPMSNRTGIVRSPFEYTQYYLADPIFFKLLAFYMFFLICTGTPINSLTLFVTAQNKKLRQPLNYILVNLAVAGLIMCCFGFTITITSAFNGYFILGPTFCAIEGFMATLGGEVALWSLVVLAIERYIVVCKPMGSFKFSGAHAGAGVLFTWIMAMACAAPPLFGWSRYLPEGMQCSCGPDYYTLAPGFNNESYVIYMFVVHFFVPVFIIFFTYGSLVMTVKAAAAQQQDSASTQKAEKEVTRMCVLMVMGFLIAWTPYASFAGWIFMNKGASFSALTAAIPAFFAKSSALYNPVIYVLMNKQFRNCMLSTIGMGGMVEDETSVSTSKTEVSSVS,"Astatotilapia burtoni putative green-sensitive opsin mRNA, complete cds",
58,DQ088646.1,Melanochromis,vermivorus,94.783,482.7,485.0,2.3000000000000114,390,MAWDGGLEPNGTEGKNFYIPLNNKTGLVRSPFEYPQYYLADPWFFRLLAFYIFSLVITGFPINFLTLLVTAQNKKLRQPLNFILVNLAVAGLIMVIFGFTVTIFSCVNGYFALGPLSCAIEGFMATIGGQVSLWSLVVLAVERYIVVCKPMGSFKFTATHAGVGCAFTWIMALACAAPPLFGWSRYIPEGIQVSCGPDYYTLAPGYNNESYVIYMFTCHFCVPVFTIFFTYGNLVFTVKAAASQQQDSASTQKAEKEVTRMCILMVFGFLLAWTPYASFAAWIFFNRGAAFTATAMAIPAFFSKSSALFNPVIYILMNKQFRNCMLSTVGMGGMVEDETSVSTSKTEVSSVS,"Melanochromis vermivorus putative green sensitive visual pigment gene, complete cds",
59,GQ422476.1,Mylochromis,lateristriga,96.875,524.5,522.0,2.5,416,MAWDGGIEPNGTEGKNFYIPMSNRTGIVRSPFEYTQYYMVDPIIYKVLAFYMFFLICTGTPINGLTLFVTAQNKKLRQPLNYILVNLAVAGLIMCCFGFTITITSALNGYFILGPTFCAIEGFMATLGGEVALWSLVVLAVERYIVVCKPMGSFKFSGAHAGAGVFFTWVMAMACAAPPLFGWSRYIPEGMQCSCGPDYYTLAPGFNNESYVIYMFVVHFFVPVFVIFFTYGSLVMTVKAAAAQQQDSASTQKAEKEVTRMCVLMVMGFLVAWTPYASFAGWIFMNKGASFTALTAALPAFFAKSSALYNPVIYVLMNKQFRNCMLSTIGMGGMVEDETSVSTSKTEVSSVS,"Maravichromis lateristriga green sensitive visual pigment Rh2A alpha gene, complete cds",
60,MF035580.1,Heliconius,erato,65.0,392.5,390.0,2.5,1563,MENETQNSNVYGAYFAPLRSGDGVKMLVDGLSSAELEFIPEHWLTYPAPPASAHTALALMYCFFTAAALIGNGLVIYIFATTKSLRTSSNLLILNLAIFDFIMMAKAPIFIYNSAMRGFAIGSLGCQIFALVGSYSGIGAAMTNLCIAYDRHSTITRPLDGRLSRGKALLLIAFVWIYTTPWSLLPLFRIWGRFVPEGYLTACSFDYLTNTFDTKLFTGCIFIFTYAIPLILIMYYYSGIVKQVFAHEAALREQAKKMNVESLRSNQNASAESAEIRIAKAALTVCFLYVASWTPYGIMSLIGAFGDQQLLSPGVTMIPAIACKGVACIDPWVYAISHPKYRQELQRRMPWLQIREPDDNVSTGTNNTTNSAAPAATA,"Heliconius erato petiverana isolate HER200UVRh2 opsin (UVRh2) mRNA, complete cds",
61,AY366493.1,Geotria,australis,89.235,496.4,499.0,2.6000000000000227,738,MNGTEGQNFYIPFSNKTDVARSPFEYPQYYLAEPWKFSALAAYMFFLILVGFPVNFLTLFVTVQHKKLRTPLNYILLNLAVSNLFMILFGFTTTMYTSMNGYFVFGPTMCSIEGFFATLGGEVSLWSLVVLAIERYIVICKPMGNFRFGNTHAIMGVALTWVMALSCAAPPLLGWSRYLPEGMQCSCGPDYYTMNPTYNNESFVIYMFIVHFTIPFVIIFFSYGRLLCTVKEAAAAQQESASTQKAEKEVTRMVVLMVVGFLVCWVPYASVAFYIFTNQGSDFGATFMTLPAFFAKSSALYNPVIYILMNKQFRNCMITTLCCGKNPLGDDDSGASTSKTEVSSVSTSQVAPA,"Geotria australis retinal rod pigment RhA mRNA, complete cds",
62,JX867429.1,Cheirogaleus,major,88.047,406.4,409.0,2.6000000000000227,1438,MSGEEESYLFKNLSSVGPWDGPQYHNAPVWTFYLQAAFMGFVFFAGTPLNVMVLVATLCHKKLQQPLNYILVNLSFGGFLSCIFSVLPIFIASCQGYFLFGRHVCALEGFLGCAAGLVIGWSLAFLAFERYVVICKPFGNFHFSSKHALMVVLATWIIGIGVSIPLFFGWSRFIPEGLQCSCGPDWYTVGTKYRSEYYTWFLFLFCFIVPLSLICFSYSQLLRALRAVAAQQQESATTQKAEREVSRMVVVMVRSFCLCYVPYAALAMYMVNNRNHGLDLRLVTIPAFFSKSACVYNPIIYCFMNKQFQACIMEMVCGKAMTDESDTSSSQKTEVSTFSSSQVGPK,"Cheirogaleus major isolate ANJZ2 short-wavelength-sensitive opsin protein (SWS1) gene, complete cds",
63,AY214139.1,Oncorhynchus,tshawytscha,74.074,443.7,441.0,2.6999999999999886,806,MNTMRSNARPVELQEGFYIPIALDTNNITSLSPFLVPQDHLAGSAIFYGISFFMFFLFVAGTAINVLTIVCTIQFKKLRSHLNYILVNLAIANLLVSMFGSSTASLSFAYRYFIMGSVACQIEGFTATLGGMVSLWSLSVVAFERWLVICKPVGNFQFKSTHAIIGCAITWVFGLAASLPPLFGWSRYIPEGLQCSCGPDWYTTNNKYNNESYVMFLFFFCFGVPFSVIVFCYAQLLFMMKAAAAAQADSASTQKAEKEVTKMVVVMVVGFLVCWMPYASFAVWVVQNRGAPFDLRLATIPSCFSKASTVCNPLIYVFMNKLFRSCMMNLLGLKSGDDEEASSTSSVTQVSSAG,"Oncorhynchus tshawytscha SWS2 opsin mRNA, complete cds",
64,GQ422480.1,Aulonocara,hueseri,96.023,523.1,526.0,2.8999999999999773,344,MAWDGGIEPNGTEGKNFYIPMSNRTGIVRSPFEYNQYYMVDPIIYKLLAFYMFFLICTGTPINGLTLFVTAQNKKLRQPLNYILVNLAVAGLIMCCFGFTITITSALNGYFILGPTFCAIEGFMATLGGEVALWSLVVLAVERYIVVCKPMGSFKFSGTHAGAGVFFTWVMAMACAAPPLFGWSRYLPEGMQCSCGPDYYTLAPGFNNESYVIYMFVVHFFVPVFVIFFTYGSLVLTVKAAAAQQQDSASTQKAEKEVTRMCVLMVMGFLVAWTPYASFAGWIFMNKGASFTALTAALPAFFAKSSALYNPVIYVLMNKQFRNCMLSTIGMGGMVEDETSVSTSKTEVSSVS,"Aulonocara hueseri green sensitive visual pigment Rh2A alpha gene, complete cds",
65,AY214144.1,Oncorhynchus,keta,74.359,441.9,439.0,2.8999999999999773,798,MNTMRSNARPVELQEGFYIPIALDTNNITSLSPFLVPQDHLAGSAIFYGMSFFMFFLFVAGTAINVLTIVCTIQFKKLRSHLNYILVNLAIANLLVSMFGSSTASLSFAYKYFIMGSVTCQIEGFTATLGGMVSLWSLSVVAFERWLVICKPVGNFQFKSTHAIIGCAITWVFGLAASLPPLFGRSRYIPEGLQCSCGPDWYTTNNKYNNESYVMFLFFFCFGVPFSVIVFCYAQLLFMMKAAAAAQADSASTQKAEKEVTKMVVVMVVGFLVCWMPYASFAVWVVQNRGAPFDLRLATIPSCFSKASTVYNPLIYVFMNKLFRSCMINLLGLKSGDDEEASSTSSVTQVSSAG,"Oncorhynchus keta SWS2 opsin mRNA, complete cds",
66,MN519143.1,Neotrygon,kuhlii,92.09,494.0,497.0,3.0,1146,MNGTEGENFYIPMSNKTGVVRSPFEYPQYYLAEPWKFSALAAYMFFLIITGFPINFLTLFVTVQHKKLRQPLNYILLNLAVADLFMVFGGFTTTVITSMNGYFIFGPAGCNFEGFFATLGGEVSLWCLVVLAIERYVVVCKPMSNFRFGSQHAIMGVAFTWIMALSCAGPPLFGWSRYIPEGMQCSCGVDYYTLKPEVNNESFVIYMFTVHFSLPLTVIFFCYGRLVCTVKEAAAQQQESESTQRAEREVTRMVIIMVIAFLVCWLPYAGVAVYIFTNQGSDFGPIFMTIPAFFAKSSSLYNPLIYILMNKQFRNCMITTVCCGKNPFEEEETTSASASKTEASSVSSSQVAPA,"Neotrygon kuhlii isolate 23396-1-1 rhodopsin mRNA, complete cds",
67,AY771352.1,Dissostichus,mawsoni,84.348,487.0,490.0,3.0,576,METNGTEGNNFYIPMSNRTGIVRSPYEYQQYYLADPIMFKLLAFYMLFLIFTGTPINALTLLVTIQNKKLQTPLNLILVNLAVAGLIMCAFGFTITFVSSINGYFILGPTFCAIEGFMATLGGQVSLWSLVVLAVERYIVVCKPMGSFKFSNTHAGIGVGITWVMASTCAGPPLLGWSRYIPEGMQCSCGPDFYTLAPGFNNESYVMYMFTVHFFTPVFLIFFSYGSLVLTVKAAAAQQQESESTQKAEREVTRMCILMVFGFLLAWVPYASFAGWIFLNKGAAFTALTAAIPAFFAKSSALYNPVIYVLLNKQFRNCMLSTIGMGRMVEDETSVSASKTEVSSVS,"Dissostichus mawsoni green-sensitive pigment (RH2) mRNA, complete cds",
68,JF823569.1,Poecilia,formosa,97.753,556.9,560.0,3.1000000000000227,203,MAEEWGKQVFAARRHEDTTRGAAFTYTNSNHTKDPFEGPNYHIAPRWVYNISTLWMCIVVVLSVFTNGLVLVATAKFKKLRHPLNWILVNLAIADLGETVFASTISVCNQFFGYFILGHPMCVFEGFTVSTCGITALWSLTIISWERWIVVCKPFGNVKFDAKWATGGIVFSWVWSAAWCAPPIFGWSRYWPHGLKTSCGPDVFSGSDDPGVLSYMIVLMITCCIIPLAIIILCYLAVWLAIRAVAMQQKESESTQKAEREVSRMVVVMIVAYCVCWGPYTFFACFAAANPGYAFHPLAAAMPAYFAKSATIYNPVIYVFMNRQFRTCIMQLFGKQVDDGSEVSTSKTEVSSVAPA,"Poecilia formosa opsin locus 1-L long-wave sensitive opsin (LWS) gene, complete cds",
69,AY631039.1,Pseudopleuronectes,americanus,91.317,550.1,547.0,3.1000000000000227,796,MAEEWGKQAFAAGRYHEDTTRGAAFTYTNSNNTRDPFEGPNYHIAPRWVYNLATVWMFFVVVASVFTNGLVLVATAKFKKLRHPLNWILVNLAIADLGETVFASTISVCNQFFGYFILGHPMCVFEGYTVSVCGIAALWSLSIISWERWVVVCKPFGNVKFDAKWAMGGILFSWIWSAAWCAPPIFGWSRYWPHGLKTSCGPDVFSGSEDPGVQSYMIVLMLTCCILPLGVIILCYLAVWWAIHSVAMQQKESESTQKAEREVSRMVVVMIVAYCVCWGPYTGFACFAAANPGYAFHPLAAAMPAYFAKSATIYNPVIYVFMNRQFRPCIMQLFGKEVEDASEVSSSKTEVSSVAPA,"Pseudopleuronectes americanus red cone opsin (LWS) mRNA, complete cds",
70,MW219675.1,Neoniphon,sammara,98.851,498.7,502.0,3.3000000000000114,70,MNGTEGPYFYVPMVNTTGVVRSPYEYPQYYLVNPAAFAVLGAYMFFLIIFGFPINFLTLYVTLEHKKLRTPLNYILLNLAVADLFMVIGGFTTTMYSSMHGYFVLGRLGCNLEGFFATLGGMISLWSLAVLAIERWVVVCKPISNFRFGENHAIMGVSLTWTMALACTVPPLVGWSRYIPEGMQCSCGIDYYTRAEGFNNESFVLYMFFCHFMVPLIIIFFCYGRLLCAVKEAAAAQQESETTQRAEREVTRMVILMVIGYLVCWLPYASVAWFIFTHQGSEFGPLFMTIPAFFAKSSSIYNPVIYICMNKQFRNCMITTLFCGKNPFEGEEEGASSTKTEASSASSVSPA,"Neoniphon sammara isolate F3 rhodopsin RH1 mRNA, complete cds",
71,AY775119.1,Mylochromis,lateristriga,98.023,499.3,496.0,3.3000000000000114,413,MNGTEGPFFYVPMVNTTGIVRSPYEYPQHYLVSPAAYAALGAYMFFLILVGFPINFLTLYVTIEHKKLRTPLNYILLNLAVADLFMVFGGFTTTVYTSMHGYFVLGRLGCNLEGFFATLGGEIGLWSLVVLAIERWLVVCKPISNFRFGENHAIMGLAFTWVAALACAAPPLVGWSRYIPEGMQCSCGVDYYTRAEGFNNESFVIYMFICHFTIPLTVVFFCYGRLLCAVKEAAAAQQESETTQRAEREVTRMVIMMVISFLVCWLPYAGVAWYIFTHQGSEFGPVFMTLPAFFAKSSSIYNPIIYICMNKQFRHCMITTLCCGKNPFEEEEGASSTASKTEASSVSSSSVSPA,"Mylochromis lateristriga rod opsin (RH1) gene, complete cds",
72,HQ260679.1,Poecilia,reticulata,99.029,546.5,543.0,3.5,1280,VYNVSTLWMCIVVVLSVFTNGLVLVATAKFKKLRHPLNWILVNLAIADLGETVFASTISVCNQFFGYFILGHPMCVFEGYVVSTCGIAALWSLTIISWERWIVVCKPFGNVKFDAKWATAGIVFSWVWAAVWCAPPIFGWSRYWPHGLKTSCGPDVFSGSDDPGVLSYMIVLMITCCIIPLAIIILCYLAVWLAIRAVAMQQKESESTQKAEREVSRMVVVMIIAYCVCWGPYTFFACFAAANPGYAFHPLAAAMPAYFAKSATIYNPVIYVFMNRQFRTCIMQLFGKQVDDGSEVSTSKTEVSSVAPA,"Poecilia reticulata LWS A180 opsin mRNA, partial cds",
73,GQ422472.1,Melanochromis,vermivorus,97.458,499.5,503.0,3.5,1260,MNGTEGPFFYVPMVNTTGIVRSPYEYPQHYLVSPAAYAALGAYMFFLILVGFPINFLTLYVTIEHKKLRTPLNYILLNLAVADLFMVFGGFTTTVYTSMHGYFVLGRLGCNLEGFFATLGGEIGLWSLVVLAVERWLVVCKPISNFRFGENHAIMGLAFTWLAALACAAPPLVGWSRYIPEGMQCSCGVDYYTRAEGFNNESFVIYMFICHFTIPLTVVFFCYGRLLCAVKEAAAAQQESETTQRAEREVTRMVIMMVISFLVCWLPYAGVAWYIFTHQGSEFGPVFMTLPAFFAKSSSIYNPIIYICMNKQFRHCMITTLCCGKNPFEEEEGASSTASKTEASSVSSSSVSPA,"Melanochromis vermivorus rod visual pigment Rh1 gene, complete cds",
74,AB731900.1,Engraulis,japonicus,81.375,495.9,492.0,3.8999999999999773,112,MNGTEGSNFYIPMSNRTGLVRSPFEYPRYYLAPPWQFYLLAFYMFCLICFGFPINGLTLAVTALHKKLRQPLNFILVNLAVAGMIMVLFGFTITITSALNGYFVFGAMGCAIEGFMATLGGQVALWSLVVLAVERYIVVCKPMGSFKFGTAHAGAGVAFTWVMAMSCAAPPLFGWSRYIPEGMQCSCGPDYYTLSPEFNNESYVIYMFTCHFCAPVFIIFFTYGSLVLTVKAAAAQQQDSESTQKAEREVTRMCVLMVLGFLVAWTPYASFAAWIFFNKGAAFSAQSMAIPAFFSKSSALFNPIIYIGMNKQFRGCMMQTVFGKTPEDETSVSTSKTEVSSVGPA,"Engraulis japonicus RH2-2 mRNA for green opsin, complete cds",
75,MN519154.1,Carcharhinus,amblyrhynchos,81.127,500.0,504.0,4.0,1190,MNGTEGENFYIPFSNKTGVVRSPFEYPQYYLAEPWQFSIIAAYVFLLMLVGLPINLLTLVVTYKHKKLRQPLNYILVNLAVAGLFMMLFGFVVAFTTAVNGYFIFGPTGCAVEGFFATLGGEVALWSLVVLAIERYIVVCKPMGNFRFGATHAFIGIGSTWILAFACASPPLFGWSRYLPEGYQCSCGPDYYTMNPKYNNKSYVIYLFVGHFLVPVAIIFFSYGRLICKVKEAAAQQQESASTQKAEKEVTRMVVLMVIGFMTAWLPYAIAAFWIFTNQGADFSATLMTIPAFFAKSSTIYNPIIYVLMNKQFRNCMLTTLCCGKNPLGDEDSSLVSQSKTEVSSVSSNQVSPA,"Carcharhinus amblyrhynchos isolate 45084-1-2 green-sensitive opsin mRNA, complete cds",
76,AY775085.1,Mylochromis,lateristriga,95.157,423.1,419.0,4.100000000000023,414,MRGNRPTEFPDDFWIPIPLDTNNITAFSPYLVPQDHLGSPMIFYSMSAFMFFLWVAGTIINVLTIACTVQYKKLRSHLNYILVNLAVANLLVSSVGSFTCFICFAFKYMFPGPIACKIEGFTATLGGMVSLWSLAVVAFERWLVVCKPLGNFSFKSSHAIACCGLTWVCGLSAALPPLFGWSRYIPEGMQCSCSPDWYTTGNKFNNETYVMFLFCFCFAVPFSTIVFCYSQLLFMLKAAVKAQAESASTQKAEKEVTRMVVIMVLGFLVCWMPYASFAFWVVNNRGQPFDLRLATIPSCFSKASTVYNPVIYILLNKQFRSCIRQMLGMSGGDDEESSSQSTTEVSKVAPA,"Mylochromis lateristriga short wavelength sensitive 2b (SWS2b) gene, complete cds",
77,LC127190.1,Poecilia,reticulata,94.328,354.9,359.0,4.100000000000023,1269,MGKHFHLYENISKVDPFEGSQHYLAPAWAFHLQALFMGFVFFAGTPLNLLVLLATAKYKKLRAPLNYILVNISFAGFIFVTFSVSQVFVASLRGYYFLGYTLCALEAAMGAVAGLVTSWSLAVLSFERFLVICKPFGAFKFGSSHAAAAVVFTWFMGVGCASPPFFGWSRYIPEGLGCSCGPDWYTHNEEYGCTSYMYFLLITCFCMPLSIIIFSYSQLLGALRAVAAQQAESASTQKAEKEVSRMIIVMVGSFVTCYGPYALTGLWYANSEEVNKDYRLVTIPAFFSKSSCVYNPLIYAFMNKQFNACIMEMVFGKKMEEASEVSSKTEVSTAS,"Poecilia reticulata Opn1sw1 mRNA for SWS1 opsin, complete cds",
78,MN519167.1,Amia,calva,86.301,551.9,556.0,4.100000000000023,15,MTERWGSAMFAARRRHEEDTTRDSMFVYTNSNNTRDPFAGPNYHIAPRWVYNLATLWMIFVVLASIFTNGLVLVATYKFKKLRHPLNWILVNLAIADLGETLIASTISICNQIFGYFILGHPMCMIEGFTVSTCGITALWSLTVISWERWVVVCKPFGNVKFDAKWATGGILFSWIWSAFWCSLPLFGWSRFWPHGLKTSCGPDVFSGSTDPGVQSYMIALMITCCIIPLAIIILCYIAVWLAIRAVAQQQKESESTQKAEREVSRMVVVMILAYIFCWGPYTFFACFAAASPGYAFHPLAASLPAYFAKSATIYNPIIYVFMNRQFRNCIMQLFGKKVDDGSEVSSSSKTEVSSVSSSSVSPA,"Amia calva isolate 20401-1-2 long-wavelength-sensitive opsin mRNA, complete cds",
79,EU329470.1,Poecilia,parae,92.958,530.2,526.0,4.2000000000000455,183,MAEEWGKQVFAARRHEDTTRGSAFTYTNSNHTKDPFEGPNYHIAPRWVYNLSTLWMCIVVVLSVFTNGLVLVATAKFKKLRHPLNWILVNLAIADLGETVFASTISVCNQVFGYFILGHPMCVFEGYVVSICGIAGLWSLTIISWERWIVVCKPFGNVKFDSKWXSAGILFSWVWPAVWCAPPIFGWSRYWPHGLKTSCGPDVFSGSEDPGVQSYMIVLIITCCIIPLAIIILCYLAVWLAIRAVAMQQLDSESTQKAEREVSRMVVVMILAFCLCWGPYATFACFAAANPGYAFHPLAAAIPAYLAKSATIYNPVIYVFMNRQFRTCIMKLFGKQMDDDSEVSTSKTEVSSVAPE,"Micropoecilia parae isolate 1 long wave-sensitive opsin P180 gene, complete cds",
80,MN519142.1,Aptychotrema,vincentiana,90.96,495.7,500.0,4.300000000000011,1163,MNGTEGDNFYVPMSNKTGIVRSPFEYPQYYLAEPWKFSALAAYMFFLIITGFPINFLTLFVTVQHKKLRQPLNYILLNLAVADLFMVFGGFTTTIVTSMNGYFIFGPTGCNFEGFFATLGGEVALWCLVVLAIERYMVVCKPMSNFRFGSQHAIIGVAFTWVMALSCAGPPLLGWSRYIPEGMQCSCGVDYYTLKPEVNNESFVIYMFTVHFSLPLTVIFFCYGRLVCTVKEAAAQQQESESTQRAEREVTRMVIIMVIAFLICWLPYAGVAVYIFTNQGSEFGPIFMTIPAFFAKSSAVYNPLIYILMNRQFRNCMITTICCGKNPFEEEESTSASASKTEASSVSSSQVAPA,"Aptychotrema vincentiana isolate 46583-1-1 rhodopsin mRNA, complete cds",
81,JF823557.1,Poecilia,mexicana,97.472,558.6,563.0,4.399999999999977,198,MAEEWGKQVFAARRHEDTTRGSAFTYTNSNHTKDPFEGPNYHIAPRWVYNISTLWMCIVVVLSVFTNGLVLVATAKFKKLRHPLNWILVNLAIADLGETVFASTISVCNQFFGYFILGHPMCVFEGYIVSTCGITALWSLTIISWERWIVVCKPFGNVKFDAKWATGGIVFSWVWSAAWCAPPVFGWSRYWPHGLKTSCGPDVFSGSDDPGVLSYMIVLMITCCIIPLAIIILCYLAVWLAIRAVAMQQKESESTQKAEREVSRMVVVMIVAYCVCWGPYTFFACFAAANPGYAFHPLAAAMPAYFAKSATIYNPVIYVFMNRQFRTCIMQLFGKQVDDGSEVSTSKTEVSSVAPA,"Poecilia mexicana opsin locus 1 long-wave sensitive opsin (LWS) gene, complete cds",
82,AY631038.1,Pseudopleuronectes,americanus,94.618,461.6,457.0,4.600000000000023,794,MKHSRPMELPEDFWIPVPLDTNNITTLSPFLVPQDHLASTATFYAMAIYMFFVFVLGTSINALTILCTVKYKKLRSHLNYILLNLAVGNLLVSCVGSFVGCCAFSVRYFIFGALACKIEGFMVTLGGMVSLWSLAVIAFERWLVICKPLGNFIFKPDHAIACCAFTWVFALIASAPPLFGWSRYIPEGLQCSCGPDWYTTNNKYNNESYVMFLFCFCFAVPLTTILFCYSQLLITLKMAAKAQAESASTQKAEREVTRMVVVMVMGFLVCWLPYASFALWVVNNRGQTFDLRFATMPAVFSKSSAVYNPVIYVLLNKQFRSCMMKMLGMGGGDDEESSTSSTSVTEVSKVGPA,"Pseudopleuronectes americanus blue cone opsin (SWS2) mRNA, complete cds",
83,AB731902.1,Engraulis,japonicus,85.714,497.3,502.0,4.699999999999989,111,MNGTEGPFFYIPMSNATGVVRSPYEYPQYYLVAPWGFACLAAYMFFLILVGFPVNFLTLYVTIEHKKLRSPLNYILLNLAVANLFMVIGGFTTTMWTSLNGYFVFGRMGCNIEGFFATLGGEIALWSLVVLSIERWLVVCKPISSFRFTETHAIGGVAFSWIMAAACAVPPLVGWSRYIPEGMQCSCGIDYYTRAEGFNNESFVIYMFVVHFMCPFFIITFCYGNLVCAVKAAAAAQQESETTQRAEREVTRMVVIMFIAFLVCWVPYASVAWFIFCNQGSEFGPVFMTMPAFFAKSSAIYNPLIYVCMNKQFRHCMITTLCCGKNPFEEEEGASTTASKTEASSVSSVSPA,"Engraulis japonicus RH1 mRNA for rhodopsin, complete cds",
84,GQ422490.1,Pundamilia,pundamilia,97.159,524.3,529.0,4.7000000000000455,448,MAWDGGIEPNGTEGKNFYIPMSNRTGIVRSPFEYTQYYMVDPIIYKVLAFYMFFLICTGTPINGLTLFVTAQNKKLRQPLNYILVNLAVAGLIMCCFGFTITITSALNGYFILGPTFCAIEGFMATLGGEVALWSLVVLAVERYIVVCKPMGSFKFSGAHAGAGVFFTWVMAMACAAPPLFGWSRYIPEGMQCSCGPDYYTLAPGFNNESYVIYMFVVHFFVPVFIIFFTYGSLVMTVKAAAAQQQDSASTQKAEKEVTRMCVLMVMGFLVAWTPYASFAGWIFMNKGASFTALTAALPAFFAKSSALYNPVIYVLMNKQFRNCMLSTIGMGGMVEDETSVSTSKTEVSSVS,"Pundamilia pundamilia green sensitive visual pigment Rh2A alpha gene, complete cds",
85,DQ088640.1,Melanochromis,vermivorus,95.157,423.1,418.0,5.100000000000023,387,MRGNHPTEFPDDFWIPIPLDTNNITAFSPYLVPQDHLGSPMIFYSMSAFMFFLWVAGTIINVLTIACTVQYKKLRSHLNYILVNLAVANLLVSSVGSFTCFICFAFKYMFPGPIACKIEGFTATLGGMVSLWSLAVVAFERWLVVCKPLGNFAFKSSHAIACCGLTWVCGLSAALPPLFGWSRYIPEGMQCSCSPDWYTTGNKFNNETYVMFLFCFCFAVPFSTIVFCYSQLLFMLKAAVKAQAESASTQKAEKEVTRMVVIMVLGFLVCWMPYASFAFWVVNNRGQPFDLRLATIPSCFSKASTVYNPVIYILLNKQFRSCIRQMLGMSGGDDEESSSQSTTEVSKVAPA,"Melanochromis vermivorus putative violet sensitive visual pigment (SWS2b) gene, complete cds",
86,AF247113.1,Dimidiochromis,compressiceps,81.766,452.3,447.0,5.300000000000011,359,MKGKRDMELPEDFWIPVSLDTNNITSLSPFLVPQDHLGDTATFYAMAVFMLFIFIFGTFINALTIACTIQYKKLRSHLNYILLNLAAANLLVSTVGSFTACCTFSFRYFIFGALACKIEGFMVTLGGMVSLWSLAVIAFERWLVICKPLGNFIFKPDHAIACCAFTWFFAVFASAPPLFGWSRYIPEGLQCSCGPDWYTTNNKYNNESYVMFLFCFCFAVPLTTIIFCYSQLLITLKMAAKAQAESASTQKAEREVTRMVVIMVLGFLVCWMPYASFALWVVNNRGQSFDLRLATIPSCFSKASAVYNPVIYVVFNKQFRTCMLAMMGMGGGEEESSTTQSVTEVSKVGPA,"Dimidiochromis compressiceps putative blue sensitive opsin SWS-2A gene, complete cds",
87,MW219663.1,Myripristis,berndti,83.478,500.6,506.0,5.399999999999977,69,MENGTEGNNFYIPMNNRTGIVRSPFEYPQYYLADPWQFKVLAVYMFFLICFGFPINALTLVVTAQNKKLRQPLNFILVNLAVAGLFMVLFGFTITITSALNGYFVFGPLGCAVEGFMATLGGEVALWSLVVLAVERYVVVCKPMGSFKFTAAHAGAGVAFTWIMALACAAPPLVGWSRYIPEGMQCSCGPDYYTLAPGFNNESYVIYMFVCHFIIPVITIFFTYGSLVLTVKAAAAQQQESASTQKAEKEVTRMCILMVIGFLVAWTPYASFAAWIFLNKGAAFTAQSMAIPAFFSKSSALFNPIVYVLMNKQFRNCMLTTIGMGGMVEDESSVSASKTEVSTAA,"Myripristis berndti rhodopsin-like RH2B-1 opsin mRNA, complete cds",
88,AY775121.1,Copadichromis,borleyi,98.023,499.5,494.0,5.5,345,MNGTEGPFFYVPMVNTTGIVRSPYEYPQHYLVSPAAYAALGAYMFFLILVGFPINFLTLYVTIEHKKLRTPLNYILLNLAVADLFMVFGGFTTTVYTSMHGYFVLGRLGCNLEGFFATLGGEIGLWSLVVLAIERWLVVCKPISNFRFGENHAIMGLAFTWVAALACAAPPLVGWSRYIPEGMQCSCGVDYYTRAEGFNNESFVIYMFICHFIIPLTVVFFCYGRLLCAVKEAAAAQQESETTQRAEREVTRMVIMMVISFLVCWLPYAGVAWYIFTHQGSEFGPVFMTLPAFFAKSSSIYNPIIYICMNKQFRHCMITTLCCGKNPFEEEEGASSTASKTEASSVSSSSVSPA,"Copadichromis borleyi rod opsin (RH1) gene, complete cds",
89,AF000947.1,Sepia,officinalis,40.708,486.5,492.0,5.5,1327,MGRDIPDNETWWYNPTMEVHPHWKQFNQVPDAVYYSLGIFIGICGIIGCTGNGIVIYLFTKTKSLQTPANMFIINLAFSDFTFSLVNGFPLMTISCFIKKWVFGMAACKVYGFIGGIFGLMSIMTMSMISIDRYNVIGRPMAASKKMSHRRAFLMIIFVWMWSTLWSIGPIFGWGAYVLEGVLCNCSFDYITRDSATRSNIVCMYIFAFCFPILIIFFCYFNIVMAVSNHEKEMAAMAKRLNAKELRKAQAGASAEMKLAKISIVIVTQFLLSWSPYAVVALLAQFGPIEWVTPYAAQLPVMFAKASAIHNPLIYSVSHPKFREAIAENFPWIITCCQFDEKEVEDDKDAETEIPATEQSGGESADAAQMKEMMAMMQKMQQQQAAYPPQGAYPPQGGYPPQGYPPPPAQGGYPPQGYPPPPQGYPPAQGYPPQGYPPPQGAPPQGAPPQAAPPQGVDNQAYQA,"Sepia officinalis rhodopsin (RHODOPS) mRNA, complete cds",
90,JF823553.1,Poecilia,latipinna,97.753,556.9,551.0,5.899999999999977,189,MAEEWGKQVFAARRHEDTTRGAAFTYTNSNHTKDPFEGPNYHIAPRWVYNISTLWMCIVVVLSVFTNGLVLVATAKFKKLRHPLNWILVNLAIADLGETVFASTISVCNQFFGYFILGHPMCVFEGFTVSTCGITALWSLTIISWERWIVVCKPFGNVKFDAKWATGGIVFSWVWSAAWCAPPIFGWSRYWPHGLKTSCGPDVFSGSDDPGVLSYMIVLMITCCIIPLAIIILCYLAVWLAIRAVAMQQKESESTQKAEREVSRMVVVMIVAYCVCWGPYTFFACFAAANPGYAFHPLAAAMPAYFAKSATIYNPVIYVFMNRQFRTCIMQLFGKQVDDGSEVSTSKTEVSSVAPA,"Poecilia latipinna opsin locus 3 long-wave sensitive opsin (LWS) gene, complete cds",
91,AY296737.2,Lucania,goodei,86.325,447.9,454.0,6.100000000000023,174,MRSTRVIELPEDFWIPIPLETNNITSLSPFSVPQDHLGDPATFYTMAGYTFLLFVIGTSINTLTIACTVRYKKLRSHLNYILVNLAVANLLVSVIGSFTACCSFTCRYFVFGPLACKIEGFIATLGGMVSLWSLAVIAFERWLVICKPLGNVAFKPEHATGCCVLTWIFALIASLPPLLGWSRYIPEGLQCSCGPDWYTTNNKYNNESYVMFLFCFCFAVPLITILFCYSQLLITLKMGAKAQAESASTQKAEKEVTRMVVVMVLGFLVCWMPYASFALWVVNNRGQIFDLRLATVPACLSKASTVYNPIIYVLFNKQFRTCMVTLVGMGDGEEEVSTTQSVTEVSKVGPA,"Lucania goodei SWS2A opsin (SWS2A) mRNA, complete cds",
92,ON817126.1,Sargocentron,punctatissimum,85.797,487.9,494.0,6.100000000000023,1285,MENGTEGKNFYIPMNNRTGLVRSPFEYPQYYLADPWQFKLLAAYMFFLICFGFPINALTLVVTAQNKKLRQPLNFILVNLAVAGLVMVCFGFTITITSALNGYFVFGITGCAVEGFMATLGGQVALWSLVVLAIERYIVVCKPMGSFKFTSTHAGVGVAFTWIMALSCAAPPLAGWSRYIPEGMQCSCGPDYYTLAPGFNNESYVMYMFSCHFCVPVITIFFTYGSLVLTVKAAAAQQQDSASTQKAEKEVTRMCILMVLGFLIAWTPYASFAAWIFFNKGAAFTAQAMAVPAFFSKSSALFNPVIYVLMNKQFRNCMLSTIGMGGMVEDETSVSTSKTEVSSVS,"Sargocentron punctatissimum isolate THCR7 rhodopsin-like middle wavelength-sensitive opsin 2 (rh2-3) mRNA, complete cds",
93,DQ088632.1,Tramitichromis,intermedius,96.875,524.5,531.0,6.5,453,MAWDGGIEPNGTEGKNFYIPMSNRTGIVRSPFEYTQYYMVDPIIYKVLAFYMFFLICTGTPINGLTLFVTAQNKKLRQPLNYILVNLAVAGLIMCCFGFTITITSALNGYFILGPTFCAIEGFMATLGGEVALWSLVVLAVERYIVVCKPMGSFKFSGAHAGAGVFFTWVMAMACAAPPLFGWSRYIPEGMQCSCGPDYYTLAPGFNNESYVIYMFVVHFFVPVFVIFFTYGSLVMTVKAAAAQQQDSASTQKAEKEVTRMCVLMVMGFLVAWTPYASFAGWIFMNKGASFTALTAALPAFFAKSSALYNPVIYVLMNKQFRNCMLSTIGMGGMVEDETSVSTSKTEVSSVS,"Tramitichromis intermedius putative green sensitive visual pigment gene, complete cds",
94,MF434474.1,Acyrthosiphon,pisum,67.867,524.7,518.0,6.7000000000000455,1558,MLNKIGSHYERQENWVAEGGFGNETVVDRVPADMMHLIDPSWYQFPPMESMWYKWLGVTIFFLGILSVVGNGMVIYIFTCTKNLRTPSNLLIVNLAFSDFCLMFTMCPAMVWNCFYETWMFGPFACELYAMFGSLFGVTSIWTMVFIALDRYNVIVKGLSAKPMTTKLALLQIFCIYLHGLFWTLTPFFGWSRYVPEANMTACGTDYLTLAWHSRSYVLVYAIFAYYLPLLVIIYAYYFIVKAVASHEKSMREQAKKMNVSSLRSGDQSNTSAEFKLAKVALMTISLWFMAWTPYMVINFAGIFQLMTIDPLFTIWGSVFAKANAVYNPIVYAISHPKYRLALDKKFPCLVCGKLEDDRSDSKSVASAQTTISEDKV,"Acyrthosiphon pisum isolate YR2 long wavelength sensitive opsin mRNA, complete cds",
95,MN519147.1,Carcharhinus,melanopterus,87.853,497.8,505.0,7.199999999999989,1195,MNGTEGENFYVPMSNKTGVVRSPFEYSQHYLAEPWMFSVLTAYMFFLIITGFPVNFLTLYVTIENKKLRQPLNFILLNLAVADLFMVFGGFTVTLVTSMNGYFVFGSTGCNFEGFFATLGGEVALWSLVVLAIERYVVVCKPMSNFRFGSQHAIMGVVFTWIMALACALPPLLGWSRYIPEGLQCSCGVDYYTPKPEINNESFVIYMFVVHFMIPLIVIFFCYGRLVCTVKEAAAQQQESETTQRAEREVTRMVIIMVVAFLICWSPYASVAFYIFTNQGSEFGPIFMTIPAFFAKSSSLYNPLIYILMNKQFRNCMITTLCCGKNPFEEEETTSASASKTEASSVSSSQVAPA,"Carcharhinus melanopterus isolate CL4386 rhodopsin mRNA, complete cds",
96,AF425073.1,Oncorhynchus,mykiss,84.874,555.8,563.0,7.2000000000000455,1209,MAESWGSAAYAARRQNQDTTRESSFTFTNSNNTKDPFEGPNYHIAPRWVYIVSTLWMIIVVILSVFTNGLVLVATAKFKKLQHPLNWILVNLAIADIGETLLASTISVCNQFFGYFILGHPMCVFEGYTVSTCGIAALWSLAVISWERWVVVCKPFGSVKFDAKWAMGGIIFSWVWSAFWCAPPIFGWSRYWPHGLKTSCGPDVFGGNEDPGVKSYMITLMITCCFFPLFVIIFCYIFVWLAIRAVARQTKDSESTQKAEKEVSRMVVVVIIAYCVCWGPYTCFACFAAANPGYAFHPLAAAIPAYFAKSATIYNPVIYVFMNKQFRTCIMQLFGKAEDDGTEVSTSKTEVSSVAPA,"Oncorhynchus mykiss LWS opsin mRNA, complete cds",
97,MN519144.1,Chiloscyllium,punctatum,94.915,492.3,499.6,7.300000000000011,1201,MNGTEGENFYVPMSNKTGIVRSPFEYPQYYLAEPWKFSALAAYMFFLIITGFPVNFLTLYVTIQHKKLRQPLNYILLNLAISDLFMVFGGFTTTIITSMNGYFIFGPAGCNFEGFFATLGGEVSLWSLVVLAIERYVVVCKPMSNFRFGSQHAFMGVAFTWIMALACAFPPLVGWSRYIPEGMQCSCGIDYYTLKPEVNNESFVIYMFTVHFSIPLTVIFFCYGRLVCTVKEAAAQQQESETTQRAEREVTRMVIIMVIAFLICWLPYASVAFYIFTNQGSEFGPVFMTIPAFFAKSSALYNPLIYILMNKQFRNCMITTLCCGKNPFEEDESASASASKTEASSVSSSQVAPA,"Chiloscyllium punctatum isolate 63210-1-1 rhodopsin mRNA, complete cds",
98,MN519146.1,Glaucostegus,typus,88.983,496.7,504.0,7.300000000000011,1167,MNGTEGDNFYVPMSNKSGVVRSPFEYPQYYLAEPWKYSALAAYMFFLIITGFPVNFLTLFVTIQHKKLRQPLNYILLNLAVADLFMVFGGFTTTIVTSMNGYFIFGPTGCNVEGFFATLGGEIALWCLVVLAIERYVVVCKPMSNFRFGSQHAIIGVAFTWIMALSCAGPPLLGWSRYIPEGMQCSCGVDYYTLKPEVNNESFVIYMFTVHFTIPLVVIFFCYGRLVCTVKEAAAQQQESESTQRAEREVTRMVIIMVIAFLVCWLPYAGVAAYIFTHQGSEFGPIFMTIPAFFAKSSALYNPLIYILMNKQFRNCMITTVCCGKNPFEEEETTSASASKTEASSVSSSQVAPA,"Glaucostegus typus isolate CL599 rhodopsin mRNA, complete cds",
99,GQ422473.1,Tramitichromis,intermedius,98.023,497.6,505.0,7.399999999999977,451,MNGTEGPFFYVPMVNTTGIVRSPYEYPQHYLVSPAAYAALGAYMFFLILVGFPINFLTLYVTIEHKKLRTPLNYILLNLAVADLFMVFGGFTTTVYTSMHGYFVLGRLGCNLEGFFATLGGEIGLWSLVVLAIERWLVVCKPISNFRFGENHAIMGLAFTWVAALSCAAPPLVGWSRYIPEGMQCSCGVDYYTRAEGFNNESFVIYMFICHFTIPLTVVFFCYGRLLCAVKEAAAAQQESETTQRAEREVTRMVIMMVISFLVCWLPYAGVAWYIFTHQGSEFGPVFMTLPAFFAKGASIYNPIIYICMNKQFRHCMITTLCCGKNPFEEEEGASSTASKTEASSVSSSSVSPA,"Tramitichromis intermedius rod visual pigment Rh1 mRNA, complete cds",
100,MW681821.1,Lutjanus,erythropterus,85.47,453.4,446.0,7.399999999999977,533,MRSNRAMELPEDFWIPVALDTNNVTSFSPFLVPQDHLGGTGIFYSMAGFMFFLFVVGTCINTLTIACTIQYKKLRSHLNYILVNLAIANLLVSCVGSFAACCSFGNRYFIFGPLGCKIEGFLATLGGMVSLWSLAVIAFERWLVICKPLGNFVFKPDHAMACCVFTWVFALIAAAPPLFGWSRYIPEGLQCSCGPDWYTTNNKYNNESYVMFLFCFCFAVPFATIVFCYGQLLVTLKMAAKAQAESASTQKAEREVTRMVVVMVLGFLVCWMPYASFAVWVVNNRGQPFDLRLATIPSCFSKASTVYNPVIYVVFNKQFRSCMMQMLGMGSGEDDSSSTQSVTEVSKVGPA,"Lutjanus erythropterus sws2.2 mRNA, complete cds",
101,AY780519.1,Lethrinops,parvidens,93.838,555.4,563.0,7.600000000000023,381,MAEEWGKQSFAARRYHEDSTRGSAFAYTNSNNTRDPFEGPNYHIAPRWIYNLSTLWMFVVVVLSVFTNGLVLVATMKFKKLRHPLNWILVNLAIADLGETVFASTISVCNQFFGYFILGHPMCIFEGYVVSVCGIAALWSLTIISWERWIVVCKPFGNVKFDAKWATAGIVFSWVWSAVWCAPPIFGWSRYWPHGLKTSCGPDVFSGSEDPGVQSYMIVLMLTCCILPLAIIILCYLAVWMAIRAAMQQKESESTQKAEREVSRMVVVMIVAYCVCWGPYTFFACFAAANPGYAFHPLAAAMPAYFAKSATIYNPVIYVFMNRQFRTCIMQLFGKQVDDGSEVSTSKTEVSSVAPA,"Lethrinops parvidens long wavelength sensitive cone opsin (LWS) gene, complete cds",
102,AH005931.2,Otolemur,garnettii,94.505,537.3,545.0,7.7000000000000455,1449,MAQQWSLQRLAGRHPQDNYEDSTQSSIFTYTNSNSTRGPFEGPNYHIAPRWVYHLTSAWMIFVVIASIFTNGLVLAATMRFKKLRHPLNWILVNLAVADLAETIIASTISVVNQIYGYFVLGHPLCVLEGYTVSLCGITGLWSLAIISWERWLVVCKPFGNVRFDAKLAIVGIAFSWVWAAVWTAPPIFGWSRYWPHGLKTSCGPDVFSGSSYPGVQSYMMVLMVTCCVIPLSIIMLCYLQVWLAIRAVAKQQKESESTQKAEKEVTRMVVVMVLAYCVCWGPYAFFACFAASHPGYAFHPLVAALPAYFAKSATIYNPIIYVFMNRQFRNCILQLFGKKVDDSSELSSTSKTEVSSVSSVSPA,"Otolemur garnettii color vision opsin gene, complete cds",
103,AH005930.2,Galago,senegalensis,94.505,537.3,545.0,7.7000000000000455,1450,MAQQWSLQRLAGRHPQDNYEDSTQSSIFTYTNSNSTRGPFEGPNYHIAPRWVYHLTSAWMIFVVIASIFTNGLVLAATMRFKKLRHPLNWILVNLAVADLAETIIASTISVVNQIYGYFVLGHPLCVLEGYTVSLCGITGLWSLAIISWERWLVVCKPFGNVRFDAKLAIVGIAFSWVWAAVWTAPPIFGWSRYWPHGLKTSCGPDVFSGSSYPGVQSYMMVLMVTCCVIPLSIIMLCYLQVWLAIRAVAKQQKESESTQKAEKEVTRMVVVMVLAYCVCWGPYAFFACFAASHPGYAFHPLVAALPAYFAKSATIYNPIIYVFMNRQFRNCILQLFGKKVDDSSELSSTSKTEVSSVSSVSPA,"Galago senegalensis color vision opsin gene, complete cds",
104,AY631036.1,Pseudopleuronectes,americanus,91.243,498.2,506.0,7.800000000000011,793,MNGTEGPYFYVPMQNTTGIVRSPYEYPQYYLVNPAAYAALGAYMFLLILVGFPVNFLTLYVTLEHKKLRTPLNYILLNLAVADLFMVFGGFTTTMYTSMHGYFVLGRLGCNLEGFFATLGGEISLWSLVVLAIERWMVVCKPISNFRFGENHAIMGLGFTWFAASACAVPPLVGWSRYIPEGMQCSCGVDYYTRAEGFNNESFVIYMFICHFLVPMTIVFFCYGRLLCAVKEAAAAQQESESTQRAEREVSRMVVIMVVGYLICWCPYAGVAWYIFLNQGSEFGPLFMTIPAFFAKSSAIYNPLIYICMNKQFRHCMITTLCCGKNPFEEEEGASSTKTEASSASSSSVSPA,"Pseudopleuronectes americanus rhodopsin (RH1) mRNA, complete cds",
105,KT008398.1,Danio,rerio,81.429,424.8,417.0,7.800000000000011,1232,MKQQQQTPELFEDFHMPITLDVSNISAYSPFLVPQDHLGHSGVFMGMSAFMLFLFIAGTAINVLTIVCTIQYKKLRSHLNYILVNLAISNLWVSVFGSSVAFYAFYKKYFVFGPIGCKIEGFTSTIGGMVSLWSLAVVALERWLVICKPLGNFTFKTPHAIAGCILPWCMALAAGLPPLLGWSRYIPEGLQCSCGPDWYTTNNKFNNESYVMFLFCFCFAVPFSTIVFCYGQLLITLKLAAKAQADSASTQKAEREVTKMVVVMVFGFLICWGPYAIFAIWVVSNRGAPFDLRLATIPSCLCKASTVYNPVIYVLMNKQFRSCMMKMVFNKNIEEDEASSSSQVTQVSSVAPEK,"Danio rerio short-wavelength-sensitive-2 cone opsin (sws2) mRNA, complete cds",
106,KC594702.1,Gasterosteus,aculeatus,86.364,510.1,502.0,8.100000000000023,237,MAWEGGLEPNGTEGKNFYIPMSNRTGVVRSPFEYQQYYLADPIMFKILALYMFFLICTGTPINGLTLLVTAQNKKLRQPLNYILVNLTVAGVIMCAFGFAITITSAVNGYFILEATACAVEGFMATLGGEVALWSLVVLTVERYIVVCKPMGSFKFSGTHAGAGVLFTWIMAMACAAPPLFGWSRYLPEGMQCSCGPDYYTLAPGFNNESYVIYMFVVHFFTPVFIIFFTYGSLVLTVKAAAAQQQESESTQKAEREVTRMCILMVFGFLVAWVPYASFAGWIFLNKGAPFSALTAAIPAFFAKSSALYNPVIYVLLNKQFRNCMLTTIGMGGMVEDETSVSASKTEVSSVS,"Gasterosteus aculeatus isolate Swan Lake RH2 opsin mRNA, complete cds",
107,AY673768.1,Pundamilia,nyererei,95.763,496.8,505.0,8.199999999999989,436,MNGTEGPFFYVPMVNTTGIVRSPYEYPQHYLVSPAAYAALGCYMFFLILVGFPINFLTLYVTIEHKKLRTPLNYILLNLAVADLFMVFGGFTTTVYTSMHGYFVLGRLGCNLEGFFATLGGEIGLWSLVVLAVERWLVVCKPISNFRFGENHAIMGLGVTWIGALSCAAPPLLGWSRYIPEGMQCSCGVDYYTRAEGFNNESFVIYMFICHFLIPLTIVFFCYGRLLCAVKEAAAAQQESETTQRAEREVTRMVIMMVISFLICWLPYAGVAWYIFTHQGSEFGPVFMTLPAFFAKGASIYNPIIYICMNKQFRHCMITTLCCGKNPFEEEEGASSTASKTEASSVSSSSVSPA,"Pundamilia nyererei isolate MSP #3 rhodopsin (RH) gene, complete cds",
108,AY214146.1,Oncorhynchus,kisutch,85.876,498.7,507.0,8.300000000000011,803,MNGTEGPDFYVPMSNATGIVRNPYEYPQYYLVSPAAYPLMAAYMFFLILTGFPINFLTLYVTIEHKKLRTALNYILLNLAVADLFMVIGGFTTTMYTSMHGYFVFGRTGCNIEGFFATHGGEIALWSLVVLAIERWLVVCKPISNFRFSETHAIMGVAFTWVMAAACSVPPLLGWSRYIPEGMQCSCGIDYYTRAPDINNESFVIYMFVVHFMIPLFIISFCYGNLLCAVKAAAAAQQESETTQRAEREVTRMVIMMVVSFLVCWVPYASVAWYIFCNQGSEFGPVFMTIPAFFAKSSSLYNPLIYVLMNKQFRNCMITTLCCGKNPFEEEEGASTTASKTEASSVSSSSVAPA,"Oncorhynchus kisutch RH1 opsin mRNA, complete cds",
109,L11864.1,Carassius,auratus,81.429,443.6,452.0,8.399999999999977,138,MKQVPEFHEDFYIPIPLDINNLSAYSPFLVPQDHLGNQGIFMAMSVFMFFIFIGGASINILTILCTIQFKKLRSHLNYILVNLSIANLFVAIFGSPLSFYSFFNRYFIFGATACKIEGFLATLGGMVGLWSLAVVAFERWLVICKPLGNFTFKTPHAIAGCILPWISALAASLPPLFGWSRYIPEGLQCSCGPDWYTTNNKYNNESYVMFLFCFCFAVPFGTIVFCYGQLLITLKLAAKAQADSASTQKAEREVTKMVVVMVLGFLVCWAPYASFSLWIVSHRGEEFDLRMATIPSCLSKASTVYNPVIYVLMNKQFRSCMMKMVCGKNIEEDEASTSSQVTQVSSVAPEK,"Carassius auratus blue cone opsin mRNA, complete cds",
110,GQ422517.1,Cynotilapia,afra,95.17,480.6,472.0,8.600000000000023,356,MAWDGGLEPNGTEGKNFYIPLNNKTGLVRSPFEYQQYYLADPWFFRLLAFYMFCLVITGFPINFLTLLVTAQNKKLRQPLNFILVNLAVAGLIMVIFGFTVTIFSCVNGYFALGPLSCAIEGFMATIGGQVSLWSLVVLAVERYIVVCKPMGSFKFTATHAGVGCAFTWIMALACAAPPLFGWSRYIPEGIQVSCGPDYYTLAPGYNNESYVIYMFTCHFCVPVFTIFFTYGNLVFTVKAAASQQQDSASTQKAEKEVTRMCILMVFGFLLAWTPYASFAAWIFFNRGAAFTATAMAIPAFFSKSSALFNPIIYILMNKQFRNCMLSTVGMGGMVEDETSVSTSKTEVSSVS,"Cynotilapia afra blue-green sensitive visual pigment Rh2B gene, complete cds",
111,MN519157.1,Glaucostegus,typus,79.155,485.6,477.0,8.600000000000023,1169,MNGTEGENFYIPLSNKTGVVRSPYEYPQYYLAEPWKFSIIAAYMFLLMGIGLPINCLTLVVTFKHKKLRHPLNYILVNLSVANLFMILFGFVVTFYTALHGYFVMGPVGCAIEGFFATLGGQVALWSLVVLAIERYIVVCKPMGNFRFGNSHALLGIACTWILGVAASGPPLVGWSRYIPEGYQCSCGPDYYTRNPHYNNESYVIYLFVLYFFIPVILIFFSYGSLIFKVKEAAAQQQESATTQKAEKEVTRMVILMVLGFLTAWVPYASVAAWIFMNQGAEFSAGFMTVPAFFSKSSSVYNPIIYVLMNKQFRSCMITTLCCGKNPLGDDESSVASQSKTEVSSVSSNQVSPA,"Glaucostegus typus isolate C418 green-sensitive opsin mRNA, complete cds",
112,EF526297.1,Neoceratodus,forsteri,85.753,549.3,558.0,8.700000000000045,79,MAEPWDAVLAARRRHQDEETTRSTIFVYTNSNNTRGPFEGPNYHIAPRWVYNLTSLWMIFVVFASCFTNGLVLMATYKFKKLRHPLNWILVNLAIADLGETLIASTISVTNQIFGYFILGHPMCMLEGFTVATCGITGLWSLTIIAWERWVVVCKPFGNIKFDGKWAAGGIIFSWVWSAFWCAMPLFGWSRFWPHGLKTSCGPDVFSGEDKYGTRSFMIALMITCCIIPLGVIILCYIQVWWAIRTVAKQQKESESTQKAEKEVSRMVVVMIFAYCFCWGPYTFMACFGAAYPGYAFHPLAAALPAYFAKSATIYNPIIYVFMNRQFRNCIYQLLGKKVDDGSELSSTSKTEVSSVSNSSVSPA,"Neoceratodus forsteri LWS opsin mRNA, complete cds",
113,MN519165.1,Chiloscyllium,punctatum,78.962,523.0,531.8,8.799999999999955,1202,MASWGLVTYAGRRRYVLDDDSETTTKGSVFIYTNSNSTRGPFEGPNYHIAPRWVYTLTSVWMIVVVIASVFTNGLVLVATWKYKRLRHPLNWILVNMAVADLGETVFASTVSVWNQIYGYFILGHPLCVFEGFIVSVCGITALWSLTIIAWERWVVVCKPFGNVKFDSKWASFGIVFSWAWSITWCLPPIFGWSRYWPHGLKTSCGPDVFSGSTDPGVKSYMVTLTVTCAVFPLSIIIICYLQVWMAIRAVAQQQTESETTQKAEKEVSRMVVLMIAAFCLCWGPYATFAVFAALNPNYAFHPLLAAVPAYFAKSSTIYNPIIYVFMNRQFRNCILHLFGRQVEDGSELSSTSKTEVSSVSNSSVSPA,"Chiloscyllium punctatum isolate 16730-1-1 long-wavelength-sensitive opsin mRNA, complete cds",
114,AF425075.1,Oncorhynchus,mykiss,74.359,442.9,434.0,8.899999999999977,1223,MNTMRSNARPVELQEGFYIPIALDTNNITSLSPFLVPQDHLAGSAIFYGMSFFMFFLFVAGTAINVLTIVCTIQFKKLRSHLNYILVNLAIANLLVSMFGSSTASLSFAYRYFIMGSVACQIEGFTATLGGMMSLWSLSVVAFERWLVICKPVGNFQFKSTHAVIGCAVTWVFGLAASLPPLFGWSRYIPEGLQCSCGPDWYTTNNKYNNESYVMFLFFFCFGVPFSVIVFCYAQLLFMMKAAAAAQADSASTQKAEKEVTKMVVVMVVGFLVCWMPYASFAVWVVQNRGAPFDLRLATIPSCFSKASTVYNPLIYVFMNKLFRSCMMNLLGLKSGDDEEASSTSSVTQVSSAG,"Oncorhynchus mykiss SWS2 opsin mRNA, complete cds",
115,AY775084.1,Melanochromis,auratus,94.872,423.1,414.0,9.100000000000023,383,MRGNHPTEFPDDFWIPXPLDTNNITAFSPYLVPQDHLGSPMIFYSMSAFMFFLWVAGTIINVLTIACTVQYKKLRSHLNYILVNLAVANLLVSSVGSFTCFICFAFKYMFPGPIACKIEGFTATLGGMVSLWSLAVVAFERWLVVCKPLGNFAFKSSHAIACCGLTWVCGLSAALPPLFGWSRYIPEGMQCSCSPDWYTTGNKFNNETYVMFLFCFCFAVPFSTIVFCYSQLLFMLKAAVKAQAESASTQKAEKEVTRMVVIMVLGFLVCWMPYASFAFWVVNNRGQPFDLRLATIPSCFSKASTVYNPVIYILLNKQFRSCIRQMLGMSGGDDEESSSQSTTEVSKVAPA,"Melanochromis auratus short wavelength sensitive 2b (SWS2b) gene, complete cds",
116,AY673767.1,Pundamilia,pundamilia,95.48,496.8,506.0,9.199999999999989,446,MNGTEGPFFYVPMVNTTGIVRSPYEYPQHYLVSPAAYAALGCYMFFLILVGFPINFLTLYVTIEHKKLRTPLNYILLNLAVADLFMVFGGFTTTVYTSMHGYFXLGRLGCNLEGFFATLGGEIGLWSLVVLAVERWLVVCKPISNFRFGENHAIMGLGVTWIGALSCAAPPLLGWSRYIPEGMQCSCGVDYYTRAEGFNNESFVIYMFICHFLIPLTIVFFCYGRLLCAVKEAAAAQQESETTQRAEREVTRMVIMMVISFLICWLPYAGVAWYIFTHQGSEFGPVFMTLPAFFAKGASIYNPIIYICMNKQFRHCMITTLCCGKNPFEEEEGASSTASKTEASSVSSSSVSPA,"Pundamilia pundamilia isolate MSP #4 rhodopsin (RH) gene, complete cds",
117,AF132042.1,Cavia,porcellus,93.681,520.8,530.0,9.200000000000045,1132,MAQRWGPHALSGVQAQDAYEDSTQASLFTYTNSNNTRGPFEGPNYHIAPRWVYHLTSAWMTIVVIASIFTNGLVLVATMRFKKLRHPLNWILVNLAVADLAETVIASTISVVNQVYGYFVLGHPLCVVEGYTVSLCGITGLWSLAIISWERWLVVCKPFGNVRFDAKLAIVGIVFSWVWSAVWTAPPIFGWSRYWPYGLKTSCGPDVFSGTSYPGVQSYMMVLMVTCCITPLSIIVLCYLHVWLAIRAVAKQQKESESTQKAEKEVTRMVVVMVLAYCLCWGPYAFFACFATANPGYSFHPLVAALPAYFAKSATIYNPIIYVFMNRQFRNCILQLFGKKVEDSSELSSTSRTEASSVSSVSPA,"Cavia porcellus green opsin mRNA, complete cds",
118,AY660540.1,Haplochromis,burtoni,93.557,552.6,562.0,9.399999999999977,365,MAEEWGKQSFAARRYHEDSTRGSAFVYTNSNNTRDPFEGPNYHIAPRWIYNLATLWMFVVVVLSVFTNGLVLVATMKFKKLRHPLNWILVNLAIADLGETVFASTISVCNQFFGYFILGHPMCIFEGYVVSVCGIAALWSLTIISWEQWIVVCKPFGNVKFDAKWATAGIVFSWVWAAVWCAPPIFGWSRYWPHGLKTSCGPDVFSGSEDPGVQSYMIVLMLTCCILPLAIIILCYLAVWMAIRAVAMQQKESESTQKAEREVSRMVVVMIVAYCVCWGPYTFFACFAAANPGYAFHPLAAAMPAYFAKSATIYNPIIYVFMNRQFRTCIMQLFGKQVDDGSEVSTSKTEVSSVAPA,"Astatotilapia burtoni putative red-sensitive opsin mRNA, complete cds",
119,AY673688.1,Pundamilia,nyererei,93.838,552.5,562.0,9.5,439,MAEEWGKQSFAARRYHEDSTRGSAFAYTNSNNTRDPFEGPNYHIAPRWIYNLATLWMFVVVVLSVFTNGLVLVATMKFKKLRHPLNWILVNLAIADLGETVFASTISVCNQFFGYFILGHPMCIFEGYVVSVCGIAALWSLTIISWERWIVVCKPFGNVKFDAKWATAGIVFSWVWAAVWCAPPIFGWSRYWPHGLKTSCGPDVFSGSEDPGVQSYMIVLMLTCCIFPLAIIILCYLAVWMAIRAVAMQQKESESTQKAEREVSRMVVVMIVAYCVCWGPYTFFACFAAANPGYAFHPLAAAMPAYFAKSATIYNPIIYVFMNRQFRTCIMQLFGKQVDDGSEVSTSKTEVSSVAPA,"Pundamilia nyererei putative red sensitive visual pigment (LWS) gene, complete cds",
120,DQ088634.1,Melanochromis,vermivorus,96.307,515.8,506.0,9.799999999999955,388,MAWEGGIEPNGTEGKNFYIPMSNRTGIVRSPFEYTQYYLADPIFFKLLAFYMFFLICTGTPINGLTLFVTAQNKKLRQPLNYILVNLAVAGLIMCCFGFTITITSAFSGYFILGSTFCAIEGFMATLGGEVALWSLVVLAIERYIVVCKPMGSFKFSGAHAGAGVLFTWIMAMACAAPPLFGWSRYIPEGMQCSCGPDYYTLAPGFNNESYVMYMFVVHFFVPVFVIFFTYGSLVMTVKAAAAQQQDSASTQKAEKEVTRMCVLMVMGFLIAWTPYASFAGWIFMNKGASFSALTAAIPAFFAKSSALYNPVIYVLMNKQFRNCMLSTIGMGGMVEDETSVSTSKTEVSSVS,"Melanochromis vermivorus putative green sensitive pigment gene, complete cds",
121,DQ088631.1,Melanochromis,vermivorus,96.307,524.2,534.0,9.799999999999955,391,MAWDGGIEPNGTEGKNFYIPMSNRTGIVRSPFEYTQYYMVDPIIYKVLAFYMFFLICTGTPINGLTLFVTAQNKKLRQPLNYILVNLAVAGLIMCCFGFTITITSALNGYFILGPTFCAIEGFMATLGGEVALWSLVVLAVERYIVVCKPMGSFKFSGAHAGAGVFFTWVMAMACAAPPLFGWSRYIPEGMQCSCGPDYYTLAPGFNNESYVIYMFVVHFFIPVFVIFFTYGSLVMTVKAAAAQQQDSASTQKAEKEVTRMCVLMVMGFLIAWTPYASFAGWIFMNKGASFTALTAALPAFFAKSSALYNPVIYVLMNKQFRNCMLSTIGMGGMVEDETSVSTSKTEVSSVS,"Melanochromis vermivorus putative green sensitive visual pigment gene, complete cds",
122,EU090913.1,Acanthopagrus,butcheri,90.202,518.9,509.0,9.899999999999977,655,MAWEGGIEPNGTEGKNFYIPMSNRSGIVRSPFEYPQYYMVDPMIYKLLAFYMFFLICTGTPINGLTLLVTAQNKKLRQPLNYILVNLAVAGLIMCAFGFTITITSALNGYFILGPTFCAIEGFMATLGGEVALWSLVVLAIERYIVVCKPMGSFKFTGSHAAAGVIFTWIMAMACAAPPLFGWSRYLPEGMQCSCGPDYYTLAPGYNNESYVIYMFVVHFFIPVFLIFFTYGSLVMTVKAAAAQQQESESTQKAEREVTRMCVLMVLGFLVAWVPYASFAGWIFLNKGAAFTALTAALPAFFAKSSALYNPVIYVLFNKQFRNCMLSTIGMGGMVEDETSVSTSKTEVSTAS,"Acanthopagrus butcheri middle-wavelength-sensitive retinal pigment Rh2A alpha mRNA, complete cds",
123,MF035579.1,Heliconius,erato,66.765,378.9,389.0,10.100000000000023,1559,MENETQNYNVYGAFFAPLRSSDGVKMLVDGLDSVDLAVIPEHWLSYTSPPASAHTALALLYSFFTAAALIGNGLVIFIFATSRSLRTSSNLLILNLAIFDFIMMAKAPIFIYNSAMRGFATGALGCQIFSVMGSYSGIGASMTNACIAYDRHSTITRPLDGRLSRGKALLMIACVWIYATPWALMPLFNVWGRFVPEGYLTSCTFDYLSNTFDTKLFVGCIFTCSYLFPMCFIIYFYSGIVKQVFAHEAALREQAKKMNVESLRSNQNASAESAEIRIAKAALTVCFLFVASWTPYGVMSLIGAFGDQQLLTPGVTMIPAVACKTVACIDPWVYAISHPKYRQELQRRMPWLQIREPDDNASTGTNNTTNSTAPAASA,"Heliconius erato petiverana isolate HER200UVRh1 opsin (UVRh1) mRNA, complete cds",
124,DQ352179.1,Monodelphis,domestica,87.115,544.6,555.0,10.399999999999977,1469,MTQAWDPAGFLARRRDVNEDDNDETTRSSLFVYTNSNNTRGPFEGPNYHIAPRWVYNLTSLWMVFVVIASIFTNGLVLVATMKFKKLRHPLNWILVNLAVADLGETVIASTISVINQIYGYFILGHPLCVLEGYTVSLCGITGLWSLAIISWERWVVVCKPFGNVKFDAKLAMVGIIFSWVWAAVWTAPPLFGWSRYWPHGLKTSCGPDVFSGSSDPGVQSYMIVLMATCCIFPLSIILLCYVQVWLAIRAVAKQQKESESTQKAEKEVSRMVVVMILAYCFCWGPYTLFACFAAANPGYSFHPLTASLPAYFAKSATIYNPIIYVFMNRQFRTCILQLFGKKVDDGSEVSSTSKTEGSSVSSVAPA,"Monodelphis domestica long-wave sensitive opsin (LWS) mRNA, complete cds",
125,KC594701.1,Gasterosteus,aculeatus,87.784,513.4,524.0,10.600000000000023,240,MAWEGGLEPNGTEGKNFYIPMSNRTGVVRSPFEYQQYYLADPIMFKILALYMFFLICTGTPINGLTLLVTAQNKKLRQPLNYILVNLAVAGLIMCAFGFTITITSAVNGYFILGATACAVEGFMATLGGEVALWSLVVLAVERYIVVCKPMGSFKFSGTHAGAGVLFTWIMAMACAAPPLFGWSRYLPEGMQCSCGPDYYTLAPGFNNESYVIYMFVVHFFTPVFIIFFTYGSLVLTVKAAAAQQQESESTQKAEREVTRMCILMVFGFLVAWVPYASFAGWIFLNKGAPFSALTAAIPAFFAKSSALYNPVIYVLLNKQFRNCMLTTIGMGGMVEDETSVSASKTEVSSVS,"Gasterosteus aculeatus isolate Mayer Lake RH2 opsin mRNA, complete cds",
126,GQ422482.1,Pundamilia,nyererei,97.159,524.3,535.0,10.700000000000045,438,MAWDGGIEPNGTEGKNFYIPMSNRTGIVRSPFEYTQYYMVDPIIYKVLAFYMFFLICTGTPINGLTLFVTAQNKKLRQPLNYILVNLAVAGLIMCCFGFTITITSALNGYFILGPTFCAIEGFMATLGGEVALWSLVVLAVERYIVVCKPMGSFKFSGAHAGAGVFFTWVMAMACAAPPLFGWSRYIPEGMQCSCGPDYYTLAPGFNNESYVIYMFVVHFFVPVFIIFFTYGSLVMTVKAAAAQQQDSASTQKAEKEVTRMCVLMVMGFLVAWTPYASFAGWIFMNKGASFTALTAALPAFFAKSSALYNPVIYVLMNKQFRNCMLSTIGMGGMVEDETSVSTSKTEVSSVS,"Pundamilia nyererei green sensitive visual pigment Rh2A alpha gene, complete cds",
127,KT008400.1,Danio,rerio,88.796,555.3,566.0,10.700000000000045,1234,MAEHWGDAIYAARRKGDETTREAMFTYTNSNNTKDPFEGPNYHIAPRWVYNVATVWMFFVVVASTFTNGLVLVATAKFKKLRHPLNWILVNLAIADLGETLFASTISVINQFFGYFILGHPMCIFEGYTVSVCGIAALWSLTVISWERWVVVCKPFGNVKFDAKWASAGIIFSWVWAAAWCAPPIFGWSRYWPHGLKTSCGPDVFSGSEDPGVQSYMVVLMITCCIIPLAIIILCYIAVYLAIHAVAQQQKDSESTQKAEKEVSRMVVVMIFAYCFCWGPYTFFACFAAANPGYAFHPLAAAMPAYFAKSATIYNPVIYVFMNRQFRVCIMQLFGKKVDDGSEVSTSKTEVSSVAPA,"Danio rerio long-wavelength-sensitive-1 cone opsin (lws1) mRNA, complete cds",
128,JN990732.1,Crenicichla,frenata,90.756,557.8,547.0,10.799999999999955,351,MAEEWGKQSFAARRYHEDTTRGSAFSYTNSNNTRDPFEGPNYHIAPRWCYNLATLWMFFVVVASVFTNGLVLVATAKFKKLRHPLNWILVNLAVADLGETVLASTISVCNQFFGYFILGHPMCIFEGYTVAVCGITGLWSLTVISWERWIVVCKPFGNVKFDAKWATAGIVFSWVWSAFWCAPPIFGWSRYWPHGLKTSCGPDVFSGSEDPGVQSYMIVLMITCCFIPLAVIILCYLAVWMAIRSVAMQQKESESTQKAEKEVSRMIVIMILAYCFCWGPYTFFACFAAANPGYAFHPLAAAMPAYFAKSATIYNPIIYVFMNRQFRSCIMQLFGKQVDDGSEVSTSKTEVSSVAPA,"Crenicichla frenata long-wavelength sensitive opsin (LWS) mRNA, complete cds",
129,MW681826.1,Lutjanus,erythropterus,88.184,515.9,527.0,11.100000000000023,534,MVWDGGIEPNGTEGKNFYIPMSNRTGVVRSPFEYPQYYMVDPMIYKLLAFYMFFLICTGTPINGLTLLVTAQNKKLRQPLNYILVNLAVAGLIMCAFGFTITLTSALNGYFILGANGCAVEGFMATLGGEVALWSLVVLAVERYIVVCKPMGSFKFTGTHAAAGVLFTWIMAFACAGPPLFGWSRYLPEGMQCSCGPDYYTLAPGYNNESYVIYMFVVHFFIPVFLIFFTYGSLVLTVKAAAAQQQESESTQKAEREVTRMCVLMVFGFLVAWVPYATFAGWIFLNKGASFTAMTAAIPAFFAKSSALYNPIIYVLFNKQFRNCMLSTIGMGGMVEDETSVSASKTEVSSVS,"Lutjanus erythropterus rh2.3 mRNA, complete cds",
130,AY296741.1,Lucania,goodei,90.373,549.2,538.0,11.200000000000045,175,MLPDPFEGPNYHIAPRWVYNVSTVWMFFVVILSVFTNGLVLVATARFKKLRHPLNWILVNLAIADLGETVLASTISVCNQFFGYFILGHPMCVFEGYIVSTCGIAALWSLTIISWERWIVVCKPFGNAKFDGTWATAGIMFSWLWSAVWCAPPIFGWSRYWPHGLKTSCGPDVFSGSDDLGVLSYMIVLMITCCILPLAIIILCYLAVWLAIRDIAQQQKECETTQNAQKEVSRMVVVMILAYCVCWGPYTFVACFAAXNPGYAFHPLGAAMPAYFAKSATIYNPVIYVFMNRQFRTCIMRLFGKETDDGSEISTSKTEVSSVAPE,"Lucania goodei LWSB opsin mRNA, complete cds",
131,DQ352180.1,Didelphis,aurita,86.555,543.1,555.0,11.899999999999977,1471,MTQAWDPVGFLARRRDENEDDHDDTTRASLFVYTNSNNTRGPFEGPNYHIAPRWVYNLTSLWMVFVVIASIFTNGLVLVATMKFKKLRHPLNWILVNLAVADLGETVIASTISVINQIYGYFILGHPLCVLEGYTVSLCGITGLWSLAIISWERWVVVCKPFGNVKFDAKLAMVGIIFSWVWAAVWTSPPLFGWSRYWPHGLKTSCGPDVFSGSSDLGVQSYMIVLMATCCIFPLSIILLCYIQVWLAIRAVAKQQKESESTQKAEKEVSRMVVVMILAYCFCWGPYTLFACFAAANPGYAFHPLTASLPAYFAKSATIYNPIIYVFMNRQFRTCILQLFGKKVDDGSEVSSTSKTEVSSVSSVAPA,"Didelphis aurita long-wave sensitive opsin (LWS) mRNA, complete cds",
132,AF247130.1,Dimidiochromis,compressiceps,96.875,519.7,533.0,13.299999999999955,360,MAWEGGIEPNGTEGKNFYIPMSNRTGIVRSPFEYTQYYLADPIFFKLLAFYMFFLICTGTPINSLTLFVTAQNKKLRQPLNYILVNLAVAGLIMCCFGFTITITSAFNGYFILGSTFCAIEGFMATLGGEVALWSLVVLAIERYIVVCKPMGSFKFSGAHAGAGVLFTWIMAMACAAPPLFGWSRYIPEGMQCSCGPDYYTLAPGFNNESYVIYMFVVHFFVPVFIIFFTYGSLVMTVKAAAAQQQDSASTQKAEKEVTRMCVLMVMGFLIAWTPYASFAGWIFMNKGASFSALTAAIPAFFAKSSALYNPVIYVLMNKQFRNCMLSTIGMGGMVEDETSVSTSKTEVSSVS,"Dimidiochromis compressiceps putative green sensitive opsin RH2 mRNA, complete cds",
133,MN519164.1,Neotrygon,kuhlii,82.466,538.7,552.0,13.299999999999955,1149,MTESWNVVGYAARRRYDEETTRGSVFTYTNTNSTRGPFEGPNYHIAPRWVYNLTSFWMVVVVVASVFTNGLVLVSTWKFKKLRHPLNWILVNMAVADLGETLFASTISICNQVFGYFILGHPMCVFEGFTVSVCGITALWSLTVIAWERWVVVCKPFGNIKFDGKWASAGIIFSWAWSTIWCLPPIFGWSRYWPHGLKTSCGPDVFSGSTDPGVKSYMITLTVTCAVLPLSVIIICYLQVWMAIRSVAMQQKESETTQKAEKEVSRMVMVMIVAFCFCWGPYTFFAVFASVHPGYAFHPLAAALPAYFAKSSTIYNPIIYVFMNRQFRNCIMQLLGRKVDDGSEVSSTSKTEVSSVSNSSVSPA,"Neotrygon kuhlii isolate 28822-1-1 long-wavelength-sensitive opsin mRNA, complete cds",
134,KC594697.1,Gasterosteus,aculeatus,92.157,562.0,576.0,14.0,241,MAEEWGKQAFAARRYNEDTTRGSMFVYTNSNNTKDPFEGPNYHIAPRWVYNLSTLWMFIVVALSVFTNGLVLVATAKFKKLQHPLNWILVNLAIADLGETVFASTISVCNQFFGYFILGHPMCVFEGYVVSVCGITALWSLTIISWERWIVVCKPFGNVKFDAKWATAGIVFSWIWSAVWCAPPIFGWSRYWPHGLKTSCGPDVFSGSEDPGVQSYMIVLMITCCLIPLAIIILCYLAVWLAIRAVAMQQKESESTQKAERDVSRMVVVMIVAYIVCWGPYTTFACFAAANPGYAFHPLAAAMPAYFAKSATIYNPVIYVFMNRQFRSCIMQLFGKEVDDGSEVSTSKTEVSSVAPA,"Gasterosteus aculeatus isolate Mayer Lake long wave-sensitive opsin mRNA, complete cds",
135,JN990733.1,Crenicichla,frenata,90.96,494.3,480.0,14.300000000000011,350,MNGTEGPFFYVPMLNTTGIVRSPYEYPQHYLVNPAAYAALGAYMFFLIIAGFPINFLTLYVTIEHKKLRTPLNYILLNLAVANLFMVFGGFTTTMYTSMHGYFVLGRLGCNLEGFFATLGGEMSLWSLVALAIERWLVVCKPISNFRFGENHAIMGLAFTWIMALSCAGPPVIGWSRYIPEGMQCSCGVDYYTRAEGFNNESFVIYMFIVHFLIPLTIVFFCYGRLLCAVKEAAAAQQESETTQRAEREVTRMVVIMVIAFLICWLPYAGVAWWIFTHQGAEFGPILMTLPAFFAKSSAIYNPLIYICMNKQFRHCMITTLCCGKNPFEEEEGSTTASKTEASSVSSSSVSPA,"Crenicichla frenata rod opsin (RH1) mRNA, complete cds",
136,AY552608.1,Cavia,porcellus,88.439,414.3,400.0,14.300000000000011,1133,MSEEEEFYLFKNASSVGPWDGPQYHVAPVWAFRLQAAFMGIVFCIGTPLNGIVLVATLLYKKLRQPLNYILVNVSLGGFLVCIFSVLAVFIASCYGYFIFGRHVCALEGFLGSVAGMVTGWSLAFLAFERYLVICKPFGNFRFSSKHALIVVLATWVIGIGVSIPPFFGWSRYMPEGLQCSCGPDWYTVGTKYRSEYFAWFLFIFCFIVPLSLICFSYCQLLRTLRTVAAQQQESATTQKAEREVSRMVVVMVGSFCVCYVPYAALAMYIVNNRNHGLDLRLVTIPAFFSKSSCIYNPIIYCFMNKQFRACIMELVCRKPMADESDMSTSQKTEVSAVSSSKVGPH,"Cavia porcellus violet-sensitive visual pigment (SWS1) mRNA, complete cds",
137,MN519168.1,Glaucostegus,typus,83.562,546.5,561.0,14.5,1170,MTETWQSVGYAARRRYDEEETTRGSIFTYTNTNATRGPFEGPNYHIAPRWVYNLTSFWMVIVVVASVFTNGLVLVSTWKFKKLRHPLNWILVNMAVADLGETLFASTISVCNQIFGYFILGHPMCVFEGFTVSVCGITALWSLTIIAWERWVVVCKPFGNIKFDGKWASAGIIFSWLWSTIWCLPPIFGWSRYWPHGLKTSCGPDVFSGSTDPGVKSYMITLTVTCAVLPLSIIIICYLQVWMAIRSVAKQQKESETTQKAEKEVSRMVVVMIVAYVFCWGPYTFFAVFASVNPGYAFHPLAAALPAYFAKSSTIYNPIIYVFMNRQFRNCIMQLFGKKVDDGSELSSASKTEVSSVSNSSVSPA,"Glaucostegus typus isolate 292w69 long-wavelength-sensitive opsin mRNA, complete cds",
138,AF247131.1,Dimidiochromis,compressiceps,93.838,552.4,567.0,14.600000000000023,361,MAEEWGKQSFAARRYHEDSTRGSAFAYTNSNNTRDPFEGPNYHIAPRWIYNLATLWMFVVVVLSVFTNGLVLVATMKFKKLRHPLNWILVNLAIADLGETVFASTISVCNQFFGYFILGHPMCIFEGYVVSVCGIAALWSLTIISWERWIVVCKPFGNVKFDAKWATAGIVFSWVWAAVWCAPPIFGWSRYWPHGLKTSCGPDVFSGSEDPGVQSYMIVLMLTCCILPLAIIILCYLAVWMAIRAVAMQQKESESTQKAEREVSRMVVVMIVAYCVCWGPYTFFACFAAANPGYAFHPLAAAMPAYFAKSATIYNPIIYVFMNRQFRTCIMQLFGKQVDDGSEVSTSKTEVSSVAPA,"Dimidiochromis compressiceps putative red sensitive opsin LWS mRNA, complete cds",
139,MN519172.1,Neotrygon,kuhlii,44.136,461.4,476.0,14.600000000000023,1148,MNSSWGSIVNATLPSNTVSPPADAFSGPLNTIEPWNFKLLATLMFFVTFLSLSENFTVLLVTYKYKQLRQPLNYIILNLSLADFLVSTIGGTVSFVTNLYGYFVLGEWACVLEGFSVTFFGIVALWSLAVLAFERYFVICRPLGNIRLQGKHAALAIVFIWVFSFIWTIPPTFGWSGYTVSPIGTTCEPNWYSGEFNDHSYIIALFTTCFIMPLLVIFVSYGKLLRKLRKVSSTQGRLGVARKPEKQVTRMVIVMILAFLFCWTPYAAFSITVTACPAIELDPRLAAIPAFFSKTATVYNPVIYVFMNKQFRQCVLQMFSLSESDANPTADHAMQGGINNQSEMSTVTRMKTSYVNAAKHEECSKRDTFAQQPIPENGVCPV,"Neotrygon kuhlii isolate 36301-12-5 vertebrate ancient long opsin mRNA, complete cds",
140,AY775114.1,Maylandia,zebra,98.023,496.8,482.0,14.800000000000011,393,MNGTEGPFFYVPMVNTTGIVRSPYEYPQHYLVSPAAYAALGAYMFFLILVGFPINFLTLYVTIEHKKLRTPLNYILLNLAVADLFMVFGGFTTTVYTSMHGYFVLGRLGCNLEGFFATLGGEIGLWSLVVLAIERWLVVCKPISNFRFGENHAIMGLAFTWVAALSCAAPPLVGWSRYIPEGMQCSCGVDYYTRAEGFNNESFVIYMFICHFTIPLTVVFFCYGRLLCAVKEAAAAQQESETTQRAEREVTRMVIMMVISFLVCWLPYAGVAWYIFTHQGSEFGPVFMTLPAFFAKGAAIYNPIIYICMNKQFRHCMITTLCCGKNPFEEEEGASSTASKTEASSVSSSSVSPA,"Metriaclima zebra rod opsin (RH1) gene, complete cds",
141,MT850055.1,Lucania,goodei,95.518,558.0,573.0,15.0,178,MAEQWEKQPFAARRYNEDTTRGSAFTYTNSNHTRDPFEGPNYHIAPRWVYNVSTVWMFFVVVLSVFTNGLVLVATAKFKKLRHPLNWILVNLAIADLGETVFASTISVCNQFFGYFILGHPMCVFEGFIVSTCGIAALWSLTIISWERWIVVCKPFGNVKFDAKWATAGIVFSWVWSAVWCAPPIFGWSRYWPHGLKTSCGPDVFSGSEDPGVQSYMVVLMITCCIIPLAIIILCYLAVWLAIRAVAMQQKESESTQKAEREVSRMVVVMILAYCVCWGPYTFFACFAAANPGYAFHPLAAAMPAYFAKSATIYNPVIYVFMNRFRTCIMQLFGKQVDDGSEVSTSKTEVSSVAPA,"Lucania goodei short wavelength sensitive 2a (SWS2A), short wavelength sensitive 2b (SWS2B), long wavelength sensitive 1 (LWS-1), long wavelength sensitive 2 (LWS-2), and long wavelength sensitive 3 (LWS-3) genes, complete cds",
142,AY673690.1,Pundamilia,azurea,93.277,548.0,563.0,15.0,435,MAEEWGKQSFAARRYHEDSTRGSAFVYTNSNNTRDPFEGPNYHIAPRWIYNLATLWMFVVVVLSVFTNGLVLVATMKFKKLRHPLNWILVNLAIADLGETVFASTISVCNQFFGYFILGHPMCIFEGYVVSVCGIAALWSLTIISWERWIVVCKPFGNVKFDAKWATAGIVFSWVWAAVWCAPPIFGWSRYWPHGLKTSCGPDVFSGSEDPGVQSYMIVLMLTCCIFPLTIIILCYLAVWMAIRAVAMQQKESESTQKAEREVSRMVVVMIVAYIVCWGPYTFFACFAAANPGYAFHPLAAAMPAYFAKSATIYNPIIYVFMNRQFRTCIMQLFGKQVDDGSEVSTSKTEVSSVAPA,"Pundamilia azurea putative red sensitive visual pigment (LWS) gene, complete cds",
143,AY673689.1,Pundamilia,pundamilia,92.997,548.0,563.0,15.0,449,MAEEWGKQSFAARRYHEDSTRGSAFVYTNSNNTRDPFEGPNYHIAPRWIYNLATLWMFVVVVLSVFTNGLVLVATMKFKKLRHPLNWILVNLAIADLGETVFASTISVCNQFFGYFILGHPMCIFEGYVVSVCGIAALWSLTIISWERWIVVCKPFGNVKFDAKWATAGIVFSWVWAAVWCAPPIFGWSRYWPHGLKTSCGPDVFSGSEDPGVQSFMIVLMLTCCIFPLTIIILCYLAVWMAIRAVAMQQKESESTQKAEREVSRMVVVMIVAYIVCWGPYTFFACFAAANPGYAFHPLAAAMPAYFAKSATIYNPIIYVFMNRQFRTCIMQLFGKQVDDGSEVSTSKTEVSSVAPA,"Pundamilia pundamilia putative red sensitive visual pigment (LWS) gene, complete cds",
